blink_data,blink_tick_ms,blink_payload_ID,temple_temp,temple_therm,temple_tick_ms,nose_temp,nose_therm,nose_tick_ms,parsed_sec_tick_ms,parsed_sec_epoch,quatI,quatJ,quatK,quatReal,quatRadianAccuracy,rot_tick_ms,activityConfidence,tick_ms_activity,pos_x,pos_y,pos_z,pos_accuracy,tick_ms_pos,pos_epoch,tick_ms,epoch,system_epoch
"('blink_data', b'\x00\x00\x00\x00\x00\x00\x00\x00\x00\x00\x00\x00\x00\x00\x00\x00\x00\x00\x00\x00\x00\x00\x00\x00\x00\x00\x00\x00\x00\x00\x00\x00\x00\x00\x00\x00\x00\x00\x00\x00\x00\x00\x00\x00\x00\x00\x00\x00\x00\x00\x00\x00\x00\x00\x00\x00\x00\x00\x00\x00\x00\x00\x00\x00\x00\x00\x00\x00\x00\x00\x00\x00\x00\x00\x00\x00\x00\x00\x00\x00\x00\x00\x00\x00\x00\x00\x00\x00\x00\x00\x00\x00\x00\x00\x00\x00\x00\x00\x00\x00')","('blink_tick_ms', 0)","('blink_payload_ID', 0)","('temple_temp', 0)","('temple_therm', 0)","('temple_tick_ms', 0)","('nose_temp', 0)","('nose_therm', 0)","('nose_tick_ms', 0)","('parsed_sec_tick_ms', 0)","('parsed_sec_epoch', 0)","('quatI', 0.0)","('quatJ', 0.0)","('quatK', 0.0)","('quatReal', 0.0)","('quatRadianAccuracy', 0.0)","('rot_tick_ms', 0)","('activityConfidence', b'\x00\x00\x00\x00\x00\x00\x00\x00\x00')","('tick_ms_activity', 0)","('pos_x', 0.0)","('pos_y', 0.0)","('pos_z', 0.0)","('pos_accuracy', 0.0)","('tick_ms_pos', 0)","('pos_epoch', 0)","('tick_ms', 10822)","('epoch', 1581634961)",1581634968.0222075
"('blink_data', b'\x00\x00\x00\x00\x00\x00\x00\x00\x00\x00\x00\x00\x00\x00\x00\x00\x00\x00\x00\x00\x00\x00\x00\x00\x00\x00\x00\x00\x00\x00\x00\x00\x00\x00\x00\x00\x00\x00\x00\x00\x00\x00\x00\x00\x00\x00\x00\x00\x00\x00\x00\x00\x00\x00\x00\x00\x00\x00\x00\x00\x00\x00\x00\x00\x00\x00\x00\x00\x00\x00\x00\x00\x00\x00\x00\x00\x00\x00\x00\x00\x00\x00\x00\x00\x00\x00\x00\x00\x00\x00\x00\x00\x00\x00\x00\x00\x00\x00\x00\x00')","('blink_tick_ms', 0)","('blink_payload_ID', 0)","('temple_temp', 0)","('temple_therm', 0)","('temple_tick_ms', 0)","('nose_temp', 0)","('nose_therm', 0)","('nose_tick_ms', 0)","('parsed_sec_tick_ms', 0)","('parsed_sec_epoch', 0)","('quatI', 0.0)","('quatJ', 0.0)","('quatK', 0.0)","('quatReal', 0.0)","('quatRadianAccuracy', 0.0)","('rot_tick_ms', 0)","('activityConfidence', b'\x00\x00\x00\x00\x00\x00\x00\x00\x00')","('tick_ms_activity', 0)","('pos_x', 0.0)","('pos_y', 0.0)","('pos_z', 0.0)","('pos_accuracy', 0.0)","('tick_ms_pos', 0)","('pos_epoch', 0)","('tick_ms', 10922)","('epoch', 1581634961)",1581634968.2701614
"('blink_data', b'\x00\x00\x00\x00\x00\x00\x00\x00\x00\x00\x00\x00\x00\x00\x00\x00\x00\x00\x00\x00\x00\x00\x00\x00\x00\x00\x00\x00\x00\x00\x00\x00\x00\x00\x00\x00\x00\x00\x00\x00\x00\x00\x00\x00\x00\x00\x00\x00\x00\x00\x00\x00\x00\x00\x00\x00\x00\x00\x00\x00\x00\x00\x00\x00\x00\x00\x00\x00\x00\x00\x00\x00\x00\x00\x00\x00\x00\x00\x00\x00\x00\x00\x00\x00\x00\x00\x00\x00\x00\x00\x00\x00\x00\x00\x00\x00\x00\x00\x00\x00')","('blink_tick_ms', 0)","('blink_payload_ID', 0)","('temple_temp', 0)","('temple_therm', 0)","('temple_tick_ms', 0)","('nose_temp', 0)","('nose_therm', 0)","('nose_tick_ms', 0)","('parsed_sec_tick_ms', 0)","('parsed_sec_epoch', 0)","('quatI', 0.0)","('quatJ', 0.0)","('quatK', 0.0)","('quatReal', 0.0)","('quatRadianAccuracy', 0.0)","('rot_tick_ms', 0)","('activityConfidence', b'\x00\x00\x00\x00\x00\x00\x00\x00\x00')","('tick_ms_activity', 0)","('pos_x', 0.0)","('pos_y', 0.0)","('pos_z', 0.0)","('pos_accuracy', 0.0)","('tick_ms_pos', 0)","('pos_epoch', 0)","('tick_ms', 11122)","('epoch', 1581634961)",1581634968.4832125
"('blink_data', b'\x00\x00\x00\x00\x00\x00\x00\x00\x00\x00\x00\x00\x00\x00\x00\x00\x00\x00\x00\x00\x00\x00\x00\x00\x00\x00\x00\x00\x00\x00\x00\x00\x00\x00\x00\x00\x00\x00\x00\x00\x00\x00\x00\x00\x00\x00\x00\x00\x00\x00\x00\x00\x00\x00\x00\x00\x00\x00\x00\x00\x00\x00\x00\x00\x00\x00\x00\x00\x00\x00\x00\x00\x00\x00\x00\x00\x00\x00\x00\x00\x00\x00\x00\x00\x00\x00\x00\x00\x00\x00\x00\x00\x00\x00\x00\x00\x00\x00\x00\x00')","('blink_tick_ms', 0)","('blink_payload_ID', 0)","('temple_temp', 0)","('temple_therm', 0)","('temple_tick_ms', 0)","('nose_temp', 0)","('nose_therm', 0)","('nose_tick_ms', 0)","('parsed_sec_tick_ms', 0)","('parsed_sec_epoch', 0)","('quatI', 0.0)","('quatJ', 0.0)","('quatK', 0.0)","('quatReal', 0.0)","('quatRadianAccuracy', 0.0)","('rot_tick_ms', 0)","('activityConfidence', b'\x00\x00\x00\x00\x00\x00\x00\x00\x00')","('tick_ms_activity', 0)","('pos_x', 0.0)","('pos_y', 0.0)","('pos_z', 0.0)","('pos_accuracy', 0.0)","('tick_ms_pos', 0)","('pos_epoch', 0)","('tick_ms', 11322)","('epoch', 1581634961)",1581634968.6192107
"('blink_data', b'\x00\x00\x00\x00\x00\x00\x00\x00\x00\x00\x00\x00\x00\x00\x00\x00\x00\x00\x00\x00\x00\x00\x00\x00\x00\x00\x00\x00\x00\x00\x00\x00\x00\x00\x00\x00\x00\x00\x00\x00\x00\x00\x00\x00\x00\x00\x00\x00\x00\x00\x00\x00\x00\x00\x00\x00\x00\x00\x00\x00\x00\x00\x00\x00\x00\x00\x00\x00\x00\x00\x00\x00\x00\x00\x00\x00\x00\x00\x00\x00\x00\x00\x00\x00\x00\x00\x00\x00\x00\x00\x00\x00\x00\x00\x00\x00\x00\x00\x00\x00')","('blink_tick_ms', 0)","('blink_payload_ID', 0)","('temple_temp', 0)","('temple_therm', 0)","('temple_tick_ms', 0)","('nose_temp', 0)","('nose_therm', 0)","('nose_tick_ms', 0)","('parsed_sec_tick_ms', 0)","('parsed_sec_epoch', 0)","('quatI', 0.0)","('quatJ', 0.0)","('quatK', 0.0)","('quatReal', 0.0)","('quatRadianAccuracy', 0.0)","('rot_tick_ms', 0)","('activityConfidence', b'\x00\x00\x00\x00\x00\x00\x00\x00\x00')","('tick_ms_activity', 0)","('pos_x', 0.0)","('pos_y', 0.0)","('pos_z', 0.0)","('pos_accuracy', 0.0)","('tick_ms_pos', 0)","('pos_epoch', 0)","('tick_ms', 11622)","('epoch', 1581634961)",1581634968.8342166
"('blink_data', b'\x00\x00\x00\x00\x00\x00\x00\x00\x00\x00\x00\x00\x00\x00\x00\x00\x00\x00\x00\x00\x00\x00\x00\x00\x00\x00\x00\x00\x00\x00\x00\x00\x00\x00\x00\x00\x00\x00\x00\x00\x00\x00\x00\x00\x00\x00\x00\x00\x00\x00\x00\x00\x00\x00\x00\x00\x00\x00\x00\x00\x00\x00\x00\x00\x00\x00\x00\x00\x00\x00\x00\x00\x00\x00\x00\x00\x00\x00\x00\x00\x00\x00\x00\x00\x00\x00\x00\x00\x00\x00\x00\x00\x00\x00\x00\x00\x00\x00\x00\x00')","('blink_tick_ms', 0)","('blink_payload_ID', 0)","('temple_temp', 0)","('temple_therm', 0)","('temple_tick_ms', 0)","('nose_temp', 0)","('nose_therm', 0)","('nose_tick_ms', 0)","('parsed_sec_tick_ms', 0)","('parsed_sec_epoch', 0)","('quatI', 0.0)","('quatJ', 0.0)","('quatK', 0.0)","('quatReal', 0.0)","('quatRadianAccuracy', 0.0)","('rot_tick_ms', 0)","('activityConfidence', b'\x00\x00\x00\x00\x00\x00\x00\x00\x00')","('tick_ms_activity', 0)","('pos_x', 0.0)","('pos_y', 0.0)","('pos_z', 0.0)","('pos_accuracy', 0.0)","('tick_ms_pos', 0)","('pos_epoch', 0)","('tick_ms', 11722)","('epoch', 1581634961)",1581634969.022165
"('blink_data', b'\x00\x00\x00\x00\x00\x00\x00\x00\x00\x00\x00\x00\x00\x00\x00\x00\x00\x00\x00\x00\x00\x00\x00\x00\x00\x00\x00\x00\x00\x00\x00\x00\x00\x00\x00\x00\x00\x00\x00\x00\x00\x00\x00\x00\x00\x00\x00\x00\x00\x00\x00\x00\x00\x00\x00\x00\x00\x00\x00\x00\x00\x00\x00\x00\x00\x00\x00\x00\x00\x00\x00\x00\x00\x00\x00\x00\x00\x00\x00\x00\x00\x00\x00\x00\x00\x00\x00\x00\x00\x00\x00\x00\x00\x00\x00\x00\x00\x00\x00\x00')","('blink_tick_ms', 0)","('blink_payload_ID', 0)","('temple_temp', 0)","('temple_therm', 0)","('temple_tick_ms', 0)","('nose_temp', 0)","('nose_therm', 0)","('nose_tick_ms', 0)","('parsed_sec_tick_ms', 0)","('parsed_sec_epoch', 0)","('quatI', 0.0)","('quatJ', 0.0)","('quatK', 0.0)","('quatReal', 0.0)","('quatRadianAccuracy', 0.0)","('rot_tick_ms', 0)","('activityConfidence', b'\x00\x00\x00\x00\x00\x00\x00\x00\x00')","('tick_ms_activity', 0)","('pos_x', 0.0)","('pos_y', 0.0)","('pos_z', 0.0)","('pos_accuracy', 0.0)","('tick_ms_pos', 0)","('pos_epoch', 0)","('tick_ms', 11822)","('epoch', 1581634961)",1581634969.142162
"('blink_data', b'\x00\x00\x00\x00\x00\x00\x00\x00\x00\x00\x00\x00\x00\x00\x00\x00\x00\x00\x00\x00\x00\x00\x00\x00\x00\x00\x00\x00\x00\x00\x00\x00\x00\x00\x00\x00\x00\x00\x00\x00\x00\x00\x00\x00\x00\x00\x00\x00\x00\x00\x00\x00\x00\x00\x00\x00\x00\x00\x00\x00\x00\x00\x00\x00\x00\x00\x00\x00\x00\x00\x00\x00\x00\x00\x00\x00\x00\x00\x00\x00\x00\x00\x00\x00\x00\x00\x00\x00\x00\x00\x00\x00\x00\x00\x00\x00\x00\x00\x00\x00')","('blink_tick_ms', 0)","('blink_payload_ID', 0)","('temple_temp', 0)","('temple_therm', 0)","('temple_tick_ms', 0)","('nose_temp', 0)","('nose_therm', 0)","('nose_tick_ms', 0)","('parsed_sec_tick_ms', 0)","('parsed_sec_epoch', 0)","('quatI', 0.0)","('quatJ', 0.0)","('quatK', 0.0)","('quatReal', 0.0)","('quatRadianAccuracy', 0.0)","('rot_tick_ms', 0)","('activityConfidence', b'\x00\x00\x00\x00\x00\x00\x00\x00\x00')","('tick_ms_activity', 0)","('pos_x', 0.0)","('pos_y', 0.0)","('pos_z', 0.0)","('pos_accuracy', 0.0)","('tick_ms_pos', 0)","('pos_epoch', 0)","('tick_ms', 11922)","('epoch', 1581634961)",1581634969.3002062
"('blink_data', b'\x00\x00\x00\x00\x00\x00\x00\x00\x00\x00\x00\x00\x00\x00\x00\x00\x00\x00\x00\x00\x00\x00\x00\x00\x00\x00\x00\x00\x00\x00\x00\x00\x00\x00\x00\x00\x00\x00\x00\x00\x00\x00\x00\x00\x00\x00\x00\x00\x00\x00\x00\x00\x00\x00\x00\x00\x00\x00\x00\x00\x00\x00\x00\x00\x00\x00\x00\x00\x00\x00\x00\x00\x00\x00\x00\x00\x00\x00\x00\x00\x00\x00\x00\x00\x00\x00\x00\x00\x00\x00\x00\x00\x00\x00\x00\x00\x00\x00\x00\x00')","('blink_tick_ms', 0)","('blink_payload_ID', 0)","('temple_temp', 0)","('temple_therm', 0)","('temple_tick_ms', 0)","('nose_temp', 0)","('nose_therm', 0)","('nose_tick_ms', 0)","('parsed_sec_tick_ms', 0)","('parsed_sec_epoch', 0)","('quatI', 0.0)","('quatJ', 0.0)","('quatK', 0.0)","('quatReal', 0.0)","('quatRadianAccuracy', 0.0)","('rot_tick_ms', 0)","('activityConfidence', b'\x00\x00\x00\x00\x00\x00\x00\x00\x00')","('tick_ms_activity', 0)","('pos_x', 0.0)","('pos_y', 0.0)","('pos_z', 0.0)","('pos_accuracy', 0.0)","('tick_ms_pos', 0)","('pos_epoch', 0)","('tick_ms', 12222)","('epoch', 1581634961)",1581634969.5411904
"('blink_data', b'\x00\x00\x00\x00\x00\x00\x00\x00\x00\x00\x00\x00\x00\x00\x00\x00\x00\x00\x00\x00\x00\x00\x00\x00\x00\x00\x00\x00\x00\x00\x00\x00\x00\x00\x00\x00\x00\x00\x00\x00\x00\x00\x00\x00\x00\x00\x00\x00\x00\x00\x00\x00\x00\x00\x00\x00\x00\x00\x00\x00\x00\x00\x00\x00\x00\x00\x00\x00\x00\x00\x00\x00\x00\x00\x00\x00\x00\x00\x00\x00\x00\x00\x00\x00\x00\x00\x00\x00\x00\x00\x00\x00\x00\x00\x00\x00\x00\x00\x00\x00')","('blink_tick_ms', 0)","('blink_payload_ID', 0)","('temple_temp', 0)","('temple_therm', 0)","('temple_tick_ms', 0)","('nose_temp', 0)","('nose_therm', 0)","('nose_tick_ms', 0)","('parsed_sec_tick_ms', 0)","('parsed_sec_epoch', 0)","('quatI', 0.0)","('quatJ', 0.0)","('quatK', 0.0)","('quatReal', 0.0)","('quatRadianAccuracy', 0.0)","('rot_tick_ms', 0)","('activityConfidence', b'\x00\x00\x00\x00\x00\x00\x00\x00\x00')","('tick_ms_activity', 0)","('pos_x', 0.0)","('pos_y', 0.0)","('pos_z', 0.0)","('pos_accuracy', 0.0)","('tick_ms_pos', 0)","('pos_epoch', 0)","('tick_ms', 12422)","('epoch', 1581634961)",1581634969.7541616
"('blink_data', b'\x00\x00\x00\x00\x00\x00\x00\x00\x00\x00\x00\x00\x00\x00\x00\x00\x00\x00\x00\x00\x00\x00\x00\x00\x00\x00\x00\x00\x00\x00\x00\x00\x00\x00\x00\x00\x00\x00\x00\x00\x00\x00\x00\x00\x00\x00\x00\x00\x00\x00\x00\x00\x00\x00\x00\x00\x00\x00\x00\x00\x00\x00\x00\x00\x00\x00\x00\x00\x00\x00\x00\x00\x00\x00\x00\x00\x00\x00\x00\x00\x00\x00\x00\x00\x00\x00\x00\x00\x00\x00\x00\x00\x00\x00\x00\x00\x00\x00\x00\x00')","('blink_tick_ms', 0)","('blink_payload_ID', 0)","('temple_temp', 0)","('temple_therm', 0)","('temple_tick_ms', 0)","('nose_temp', 0)","('nose_therm', 0)","('nose_tick_ms', 0)","('parsed_sec_tick_ms', 0)","('parsed_sec_epoch', 0)","('quatI', 0.0)","('quatJ', 0.0)","('quatK', 0.0)","('quatReal', 0.0)","('quatRadianAccuracy', 0.0)","('rot_tick_ms', 0)","('activityConfidence', b'\x00\x00\x00\x00\x00\x00\x00\x00\x00')","('tick_ms_activity', 0)","('pos_x', 0.0)","('pos_y', 0.0)","('pos_z', 0.0)","('pos_accuracy', 0.0)","('tick_ms_pos', 0)","('pos_epoch', 0)","('tick_ms', 12622)","('epoch', 1581634961)",1581634969.982207
"('blink_data', b'\x00\x00\x00\x00\x00\x00\x00\x00\x00\x00\x00\x00\x00\x00\x00\x00\x00\x00\x00\x00\x00\x00\x00\x00\x00\x00\x00\x00\x00\x00\x00\x00\x00\x00\x00\x00\x00\x00\x00\x00\x00\x00\x00\x00\x00\x00\x00\x00\x00\x00\x00\x00\x00\x00\x00\x00\x00\x00\x00\x00\x00\x00\x00\x00\x00\x00\x00\x00\x00\x00\x00\x00\x00\x00\x00\x00\x00\x00\x00\x00\x00\x00\x00\x00\x00\x00\x00\x00\x00\x00\x00\x00\x00\x00\x00\x00\x00\x00\x00\x00')","('blink_tick_ms', 0)","('blink_payload_ID', 0)","('temple_temp', 0)","('temple_therm', 0)","('temple_tick_ms', 0)","('nose_temp', 0)","('nose_therm', 0)","('nose_tick_ms', 0)","('parsed_sec_tick_ms', 0)","('parsed_sec_epoch', 0)","('quatI', 0.0)","('quatJ', 0.0)","('quatK', 0.0)","('quatReal', 0.0)","('quatRadianAccuracy', 0.0)","('rot_tick_ms', 0)","('activityConfidence', b'\x00\x00\x00\x00\x00\x00\x00\x00\x00')","('tick_ms_activity', 0)","('pos_x', 0.0)","('pos_y', 0.0)","('pos_z', 0.0)","('pos_accuracy', 0.0)","('tick_ms_pos', 0)","('pos_epoch', 0)","('tick_ms', 12722)","('epoch', 1581634961)",1581634970.0801663
"('blink_data', b'\x00\x00\x00\x00\x00\x00\x00\x00\x00\x00\x00\x00\x00\x00\x00\x00\x00\x00\x00\x00\x00\x00\x00\x00\x00\x00\x00\x00\x00\x00\x00\x00\x00\x00\x00\x00\x00\x00\x00\x00\x00\x00\x00\x00\x00\x00\x00\x00\x00\x00\x00\x00\x00\x00\x00\x00\x00\x00\x00\x00\x00\x00\x00\x00\x00\x00\x00\x00\x00\x00\x00\x00\x00\x00\x00\x00\x00\x00\x00\x00\x00\x00\x00\x00\x00\x00\x00\x00\x00\x00\x00\x00\x00\x00\x00\x00\x00\x00\x00\x00')","('blink_tick_ms', 0)","('blink_payload_ID', 0)","('temple_temp', 0)","('temple_therm', 0)","('temple_tick_ms', 0)","('nose_temp', 0)","('nose_therm', 0)","('nose_tick_ms', 0)","('parsed_sec_tick_ms', 0)","('parsed_sec_epoch', 0)","('quatI', 0.0)","('quatJ', 0.0)","('quatK', 0.0)","('quatReal', 0.0)","('quatRadianAccuracy', 0.0)","('rot_tick_ms', 0)","('activityConfidence', b'\x00\x00\x00\x00\x00\x00\x00\x00\x00')","('tick_ms_activity', 0)","('pos_x', 0.0)","('pos_y', 0.0)","('pos_z', 0.0)","('pos_accuracy', 0.0)","('tick_ms_pos', 0)","('pos_epoch', 0)","('tick_ms', 12822)","('epoch', 1581634961)",1581634970.2631876
"('blink_data', b'\x00\x00\x00\x00\x00\x00\x00\x00\x00\x00\x00\x00\x00\x00\x00\x00\x00\x00\x00\x00\x00\x00\x00\x00\x00\x00\x00\x00\x00\x00\x00\x00\x00\x00\x00\x00\x00\x00\x00\x00\x00\x00\x00\x00\x00\x00\x00\x00\x00\x00\x00\x00\x00\x00\x00\x00\x00\x00\x00\x00\x00\x00\x00\x00\x00\x00\x00\x00\x00\x00\x00\x00\x00\x00\x00\x00\x00\x00\x00\x00\x00\x00\x00\x00\x00\x00\x00\x00\x00\x00\x00\x00\x00\x00\x00\x00\x00\x00\x00\x00')","('blink_tick_ms', 0)","('blink_payload_ID', 0)","('temple_temp', 0)","('temple_therm', 0)","('temple_tick_ms', 0)","('nose_temp', 0)","('nose_therm', 0)","('nose_tick_ms', 0)","('parsed_sec_tick_ms', 0)","('parsed_sec_epoch', 0)","('quatI', 0.0)","('quatJ', 0.0)","('quatK', 0.0)","('quatReal', 0.0)","('quatRadianAccuracy', 0.0)","('rot_tick_ms', 0)","('activityConfidence', b'\x00\x00\x00\x00\x00\x00\x00\x00\x00')","('tick_ms_activity', 0)","('pos_x', 0.0)","('pos_y', 0.0)","('pos_z', 0.0)","('pos_accuracy', 0.0)","('tick_ms_pos', 0)","('pos_epoch', 0)","('tick_ms', 13122)","('epoch', 1581634961)",1581634970.5381656
"('blink_data', b'\x00\x00\x00\x00\x00\x00\x00\x00\x00\x00\x00\x00\x00\x00\x00\x00\x00\x00\x00\x00\x00\x00\x00\x00\x00\x00\x00\x00\x00\x00\x00\x00\x00\x00\x00\x00\x00\x00\x00\x00\x00\x00\x00\x00\x00\x00\x00\x00\x00\x00\x00\x00\x00\x00\x00\x00\x00\x00\x00\x00\x00\x00\x00\x00\x00\x00\x00\x00\x00\x00\x00\x00\x00\x00\x00\x00\x00\x00\x00\x00\x00\x00\x00\x00\x00\x00\x00\x00\x00\x00\x00\x00\x00\x00\x00\x00\x00\x00\x00\x00')","('blink_tick_ms', 0)","('blink_payload_ID', 0)","('temple_temp', 0)","('temple_therm', 0)","('temple_tick_ms', 0)","('nose_temp', 0)","('nose_therm', 0)","('nose_tick_ms', 0)","('parsed_sec_tick_ms', 0)","('parsed_sec_epoch', 0)","('quatI', 0.0)","('quatJ', 0.0)","('quatK', 0.0)","('quatReal', 0.0)","('quatRadianAccuracy', 0.0)","('rot_tick_ms', 0)","('activityConfidence', b'\x00\x00\x00\x00\x00\x00\x00\x00\x00')","('tick_ms_activity', 0)","('pos_x', 0.0)","('pos_y', 0.0)","('pos_z', 0.0)","('pos_accuracy', 0.0)","('tick_ms_pos', 0)","('pos_epoch', 0)","('tick_ms', 13222)","('epoch', 1581634961)",1581634970.6132092
"('blink_data', b'\x00\x00\x00\x00\x00\x00\x00\x00\x00\x00\x00\x00\x00\x00\x00\x00\x00\x00\x00\x00\x00\x00\x00\x00\x00\x00\x00\x00\x00\x00\x00\x00\x00\x00\x00\x00\x00\x00\x00\x00\x00\x00\x00\x00\x00\x00\x00\x00\x00\x00\x00\x00\x00\x00\x00\x00\x00\x00\x00\x00\x00\x00\x00\x00\x00\x00\x00\x00\x00\x00\x00\x00\x00\x00\x00\x00\x00\x00\x00\x00\x00\x00\x00\x00\x00\x00\x00\x00\x00\x00\x00\x00\x00\x00\x00\x00\x00\x00\x00\x00')","('blink_tick_ms', 0)","('blink_payload_ID', 0)","('temple_temp', 0)","('temple_therm', 0)","('temple_tick_ms', 0)","('nose_temp', 0)","('nose_therm', 0)","('nose_tick_ms', 0)","('parsed_sec_tick_ms', 0)","('parsed_sec_epoch', 0)","('quatI', 0.0)","('quatJ', 0.0)","('quatK', 0.0)","('quatReal', 0.0)","('quatRadianAccuracy', 0.0)","('rot_tick_ms', 0)","('activityConfidence', b'\x00\x00\x00\x00\x00\x00\x00\x00\x00')","('tick_ms_activity', 0)","('pos_x', 0.0)","('pos_y', 0.0)","('pos_z', 0.0)","('pos_accuracy', 0.0)","('tick_ms_pos', 0)","('pos_epoch', 0)","('tick_ms', 13522)","('epoch', 1581634961)",1581634970.8742106
"('blink_data', b'\x00\x00\x00\x00\x00\x00\x00\x00\x00\x00\x00\x00\x00\x00\x00\x00\x00\x00\x00\x00\x00\x00\x00\x00\x00\x00\x00\x00\x00\x00\x00\x00\x00\x00\x00\x00\x00\x00\x00\x00\x00\x00\x00\x00\x00\x00\x00\x00\x00\x00\x00\x00\x00\x00\x00\x00\x00\x00\x00\x00\x00\x00\x00\x00\x00\x00\x00\x00\x00\x00\x00\x00\x00\x00\x00\x00\x00\x00\x00\x00\x00\x00\x00\x00\x00\x00\x00\x00\x00\x00\x00\x00\x00\x00\x00\x00\x00\x00\x00\x00')","('blink_tick_ms', 0)","('blink_payload_ID', 0)","('temple_temp', 0)","('temple_therm', 0)","('temple_tick_ms', 0)","('nose_temp', 0)","('nose_therm', 0)","('nose_tick_ms', 0)","('parsed_sec_tick_ms', 0)","('parsed_sec_epoch', 0)","('quatI', 0.0)","('quatJ', 0.0)","('quatK', 0.0)","('quatReal', 0.0)","('quatRadianAccuracy', 0.0)","('rot_tick_ms', 0)","('activityConfidence', b'\x00\x00\x00\x00\x00\x00\x00\x00\x00')","('tick_ms_activity', 0)","('pos_x', 0.0)","('pos_y', 0.0)","('pos_z', 0.0)","('pos_accuracy', 0.0)","('tick_ms_pos', 0)","('pos_epoch', 0)","('tick_ms', 13922)","('epoch', 1581634961)",1581634971.1642277
"('blink_data', b'\x00\x00\x00\x00\x00\x00\x00\x00\x00\x00\x00\x00\x00\x00\x00\x00\x00\x00\x00\x00\x00\x00\x00\x00\x00\x00\x00\x00\x00\x00\x00\x00\x00\x00\x00\x00\x00\x00\x00\x00\x00\x00\x00\x00\x00\x00\x00\x00\x00\x00\x00\x00\x00\x00\x00\x00\x00\x00\x00\x00\x00\x00\x00\x00\x00\x00\x00\x00\x00\x00\x00\x00\x00\x00\x00\x00\x00\x00\x00\x00\x00\x00\x00\x00\x00\x00\x00\x00\x00\x00\x00\x00\x00\x00\x00\x00\x00\x00\x00\x00')","('blink_tick_ms', 0)","('blink_payload_ID', 0)","('temple_temp', 0)","('temple_therm', 0)","('temple_tick_ms', 0)","('nose_temp', 0)","('nose_therm', 0)","('nose_tick_ms', 0)","('parsed_sec_tick_ms', 0)","('parsed_sec_epoch', 0)","('quatI', 0.0)","('quatJ', 0.0)","('quatK', 0.0)","('quatReal', 0.0)","('quatRadianAccuracy', 0.0)","('rot_tick_ms', 0)","('activityConfidence', b'\x00\x00\x00\x00\x00\x00\x00\x00\x00')","('tick_ms_activity', 0)","('pos_x', 0.0)","('pos_y', 0.0)","('pos_z', 0.0)","('pos_accuracy', 0.0)","('tick_ms_pos', 0)","('pos_epoch', 0)","('tick_ms', 14021)","('epoch', 1581634961)",1581634971.341752
"('blink_data', b'\x00\x00\x00\x00\x00\x00\x00\x00\x00\x00\x00\x00\x00\x00\x00\x00\x00\x00\x00\x00\x00\x00\x00\x00\x00\x00\x00\x00\x00\x00\x00\x00\x00\x00\x00\x00\x00\x00\x00\x00\x00\x00\x00\x00\x00\x00\x00\x00\x00\x00\x00\x00\x00\x00\x00\x00\x00\x00\x00\x00\x00\x00\x00\x00\x00\x00\x00\x00\x00\x00\x00\x00\x00\x00\x00\x00\x00\x00\x00\x00\x00\x00\x00\x00\x00\x00\x00\x00\x00\x00\x00\x00\x00\x00\x00\x00\x00\x00\x00\x00')","('blink_tick_ms', 0)","('blink_payload_ID', 0)","('temple_temp', 0)","('temple_therm', 0)","('temple_tick_ms', 0)","('nose_temp', 0)","('nose_therm', 0)","('nose_tick_ms', 0)","('parsed_sec_tick_ms', 0)","('parsed_sec_epoch', 0)","('quatI', 0.0)","('quatJ', 0.0)","('quatK', 0.0)","('quatReal', 0.0)","('quatRadianAccuracy', 0.0)","('rot_tick_ms', 0)","('activityConfidence', b'\x00\x00\x00\x00\x00\x00\x00\x00\x00')","('tick_ms_activity', 0)","('pos_x', 0.0)","('pos_y', 0.0)","('pos_z', 0.0)","('pos_accuracy', 0.0)","('tick_ms_pos', 0)","('pos_epoch', 0)","('tick_ms', 14221)","('epoch', 1581634961)",1581634971.5527987
"('blink_data', b'\x00\x00\x00\x00\x00\x00\x00\x00\x00\x00\x00\x00\x00\x00\x00\x00\x00\x00\x00\x00\x00\x00\x00\x00\x00\x00\x00\x00\x00\x00\x00\x00\x00\x00\x00\x00\x00\x00\x00\x00\x00\x00\x00\x00\x00\x00\x00\x00\x00\x00\x00\x00\x00\x00\x00\x00\x00\x00\x00\x00\x00\x00\x00\x00\x00\x00\x00\x00\x00\x00\x00\x00\x00\x00\x00\x00\x00\x00\x00\x00\x00\x00\x00\x00\x00\x00\x00\x00\x00\x00\x00\x00\x00\x00\x00\x00\x00\x00\x00\x00')","('blink_tick_ms', 0)","('blink_payload_ID', 0)","('temple_temp', 0)","('temple_therm', 0)","('temple_tick_ms', 0)","('nose_temp', 0)","('nose_therm', 0)","('nose_tick_ms', 0)","('parsed_sec_tick_ms', 0)","('parsed_sec_epoch', 0)","('quatI', 0.0)","('quatJ', 0.0)","('quatK', 0.0)","('quatReal', 0.0)","('quatRadianAccuracy', 0.0)","('rot_tick_ms', 0)","('activityConfidence', b'\x00\x00\x00\x00\x00\x00\x00\x00\x00')","('tick_ms_activity', 0)","('pos_x', 0.0)","('pos_y', 0.0)","('pos_z', 0.0)","('pos_accuracy', 0.0)","('tick_ms_pos', 0)","('pos_epoch', 0)","('tick_ms', 14321)","('epoch', 1581634961)",1581634971.7187972
"('blink_data', b'\x00\x00\x00\x00\x00\x00\x00\x00\x00\x00\x00\x00\x00\x00\x00\x00\x00\x00\x00\x00\x00\x00\x00\x00\x00\x00\x00\x00\x00\x00\x00\x00\x00\x00\x00\x00\x00\x00\x00\x00\x00\x00\x00\x00\x00\x00\x00\x00\x00\x00\x00\x00\x00\x00\x00\x00\x00\x00\x00\x00\x00\x00\x00\x00\x00\x00\x00\x00\x00\x00\x00\x00\x00\x00\x00\x00\x00\x00\x00\x00\x00\x00\x00\x00\x00\x00\x00\x00\x00\x00\x00\x00\x00\x00\x00\x00\x00\x00\x00\x00')","('blink_tick_ms', 0)","('blink_payload_ID', 0)","('temple_temp', 0)","('temple_therm', 0)","('temple_tick_ms', 0)","('nose_temp', 0)","('nose_therm', 0)","('nose_tick_ms', 0)","('parsed_sec_tick_ms', 0)","('parsed_sec_epoch', 0)","('quatI', 0.0)","('quatJ', 0.0)","('quatK', 0.0)","('quatReal', 0.0)","('quatRadianAccuracy', 0.0)","('rot_tick_ms', 0)","('activityConfidence', b'\x00\x00\x00\x00\x00\x00\x00\x00\x00')","('tick_ms_activity', 0)","('pos_x', 0.0)","('pos_y', 0.0)","('pos_z', 0.0)","('pos_accuracy', 0.0)","('tick_ms_pos', 0)","('pos_epoch', 0)","('tick_ms', 14521)","('epoch', 1581634961)",1581634971.8848019
"('blink_data', b'\x00\x00\x00\x00\x00\x00\x00\x00\x00\x00\x00\x00\x00\x00\x00\x00\x00\x00\x00\x00\x00\x00\x00\x00\x00\x00\x00\x00\x00\x00\x00\x00\x00\x00\x00\x00\x00\x00\x00\x00\x00\x00\x00\x00\x00\x00\x00\x00\x00\x00\x00\x00\x00\x00\x00\x00\x00\x00\x00\x00\x00\x00\x00\x00\x00\x00\x00\x00\x00\x00\x00\x00\x00\x00\x00\x00\x00\x00\x00\x00\x00\x00\x00\x00\x00\x00\x00\x00\x00\x00\x00\x00\x00\x00\x00\x00\x00\x00\x00\x00')","('blink_tick_ms', 0)","('blink_payload_ID', 0)","('temple_temp', 0)","('temple_therm', 0)","('temple_tick_ms', 0)","('nose_temp', 0)","('nose_therm', 0)","('nose_tick_ms', 0)","('parsed_sec_tick_ms', 0)","('parsed_sec_epoch', 0)","('quatI', 0.0)","('quatJ', 0.0)","('quatK', 0.0)","('quatReal', 0.0)","('quatRadianAccuracy', 0.0)","('rot_tick_ms', 0)","('activityConfidence', b'\x00\x00\x00\x00\x00\x00\x00\x00\x00')","('tick_ms_activity', 0)","('pos_x', 0.0)","('pos_y', 0.0)","('pos_z', 0.0)","('pos_accuracy', 0.0)","('tick_ms_pos', 0)","('pos_epoch', 0)","('tick_ms', 14621)","('epoch', 1581634961)",1581634972.0907562
"('blink_data', b'\x00\x00\x00\x00\x00\x00\x00\x00\x00\x00\x00\x00\x00\x00\x00\x00\x00\x00\x00\x00\x00\x00\x00\x00\x00\x00\x00\x00\x00\x00\x00\x00\x00\x00\x00\x00\x00\x00\x00\x00\x00\x00\x00\x00\x00\x00\x00\x00\x00\x00\x00\x00\x00\x00\x00\x00\x00\x00\x00\x00\x00\x00\x00\x00\x00\x00\x00\x00\x00\x00\x00\x00\x00\x00\x00\x00\x00\x00\x00\x00\x00\x00\x00\x00\x00\x00\x00\x00\x00\x00\x00\x00\x00\x00\x00\x00\x00\x00\x00\x00')","('blink_tick_ms', 0)","('blink_payload_ID', 0)","('temple_temp', 0)","('temple_therm', 0)","('temple_tick_ms', 0)","('nose_temp', 0)","('nose_therm', 0)","('nose_tick_ms', 0)","('parsed_sec_tick_ms', 0)","('parsed_sec_epoch', 0)","('quatI', 0.0)","('quatJ', 0.0)","('quatK', 0.0)","('quatReal', 0.0)","('quatRadianAccuracy', 0.0)","('rot_tick_ms', 0)","('activityConfidence', b'\x00\x00\x00\x00\x00\x00\x00\x00\x00')","('tick_ms_activity', 0)","('pos_x', 0.0)","('pos_y', 0.0)","('pos_z', 0.0)","('pos_accuracy', 0.0)","('tick_ms_pos', 0)","('pos_epoch', 0)","('tick_ms', 14721)","('epoch', 1581634961)",1581634972.3378997
"('blink_data', b'\x00\x00\x00\x00\x00\x00\x00\x00\x00\x00\x00\x00\x00\x00\x00\x00\x00\x00\x00\x00\x00\x00\x00\x00\x00\x00\x00\x00\x00\x00\x00\x00\x00\x00\x00\x00\x00\x00\x00\x00\x00\x00\x00\x00\x00\x00\x00\x00\x00\x00\x00\x00\x00\x00\x00\x00\x00\x00\x00\x00\x00\x00\x00\x00\x00\x00\x00\x00\x00\x00\x00\x00\x00\x00\x00\x00\x00\x00\x00\x00\x00\x00\x00\x00\x00\x00\x00\x00\x00\x00\x00\x00\x00\x00\x00\x00\x00\x00\x00\x00')","('blink_tick_ms', 0)","('blink_payload_ID', 0)","('temple_temp', 0)","('temple_therm', 0)","('temple_tick_ms', 0)","('nose_temp', 0)","('nose_therm', 0)","('nose_tick_ms', 0)","('parsed_sec_tick_ms', 0)","('parsed_sec_epoch', 0)","('quatI', 0.0)","('quatJ', 0.0)","('quatK', 0.0)","('quatReal', 0.0)","('quatRadianAccuracy', 0.0)","('rot_tick_ms', 0)","('activityConfidence', b'\x00\x00\x00\x00\x00\x00\x00\x00\x00')","('tick_ms_activity', 0)","('pos_x', 0.0)","('pos_y', 0.0)","('pos_z', 0.0)","('pos_accuracy', 0.0)","('tick_ms_pos', 0)","('pos_epoch', 0)","('tick_ms', 15121)","('epoch', 1581634961)",1581634972.5319
"('blink_data', b'\x00\x00\x00\x00\x00\x00\x00\x00\x00\x00\x00\x00\x00\x00\x00\x00\x00\x00\x00\x00\x00\x00\x00\x00\x00\x00\x00\x00\x00\x00\x00\x00\x00\x00\x00\x00\x00\x00\x00\x00\x00\x00\x00\x00\x00\x00\x00\x00\x00\x00\x00\x00\x00\x00\x00\x00\x00\x00\x00\x00\x00\x00\x00\x00\x00\x00\x00\x00\x00\x00\x00\x00\x00\x00\x00\x00\x00\x00\x00\x00\x00\x00\x00\x00\x00\x00\x00\x00\x00\x00\x00\x00\x00\x00\x00\x00\x00\x00\x00\x00')","('blink_tick_ms', 0)","('blink_payload_ID', 0)","('temple_temp', 0)","('temple_therm', 0)","('temple_tick_ms', 0)","('nose_temp', 0)","('nose_therm', 0)","('nose_tick_ms', 0)","('parsed_sec_tick_ms', 0)","('parsed_sec_epoch', 0)","('quatI', 0.0)","('quatJ', 0.0)","('quatK', 0.0)","('quatReal', 0.0)","('quatRadianAccuracy', 0.0)","('rot_tick_ms', 0)","('activityConfidence', b'\x00\x00\x00\x00\x00\x00\x00\x00\x00')","('tick_ms_activity', 0)","('pos_x', 0.0)","('pos_y', 0.0)","('pos_z', 0.0)","('pos_accuracy', 0.0)","('tick_ms_pos', 0)","('pos_epoch', 0)","('tick_ms', 15421)","('epoch', 1581634961)",1581634972.7468927
"('blink_data', b'\x00\x00\x00\x00\x00\x00\x00\x00\x00\x00\x00\x00\x00\x00\x00\x00\x00\x00\x00\x00\x00\x00\x00\x00\x00\x00\x00\x00\x00\x00\x00\x00\x00\x00\x00\x00\x00\x00\x00\x00\x00\x00\x00\x00\x00\x00\x00\x00\x00\x00\x00\x00\x00\x00\x00\x00\x00\x00\x00\x00\x00\x00\x00\x00\x00\x00\x00\x00\x00\x00\x00\x00\x00\x00\x00\x00\x00\x00\x00\x00\x00\x00\x00\x00\x00\x00\x00\x00\x00\x00\x00\x00\x00\x00\x00\x00\x00\x00\x00\x00')","('blink_tick_ms', 0)","('blink_payload_ID', 0)","('temple_temp', 0)","('temple_therm', 0)","('temple_tick_ms', 0)","('nose_temp', 0)","('nose_therm', 0)","('nose_tick_ms', 0)","('parsed_sec_tick_ms', 0)","('parsed_sec_epoch', 0)","('quatI', 0.0)","('quatJ', 0.0)","('quatK', 0.0)","('quatReal', 0.0)","('quatRadianAccuracy', 0.0)","('rot_tick_ms', 0)","('activityConfidence', b'\x00\x00\x00\x00\x00\x00\x00\x00\x00')","('tick_ms_activity', 0)","('pos_x', 0.0)","('pos_y', 0.0)","('pos_z', 0.0)","('pos_accuracy', 0.0)","('tick_ms_pos', 0)","('pos_epoch', 0)","('tick_ms', 15921)","('epoch', 1581634961)",1581634973.1658556
"('blink_data', b'\x00\x00\x00\x00\x00\x00\x00\x00\x00\x00\x00\x00\x00\x00\x00\x00\x00\x00\x00\x00\x00\x00\x00\x00\x00\x00\x00\x00\x00\x00\x00\x00\x00\x00\x00\x00\x00\x00\x00\x00\x00\x00\x00\x00\x00\x00\x00\x00\x00\x00\x00\x00\x00\x00\x00\x00\x00\x00\x00\x00\x00\x00\x00\x00\x00\x00\x00\x00\x00\x00\x00\x00\x00\x00\x00\x00\x00\x00\x00\x00\x00\x00\x00\x00\x00\x00\x00\x00\x00\x00\x00\x00\x00\x00\x00\x00\x00\x00\x00\x00')","('blink_tick_ms', 0)","('blink_payload_ID', 0)","('temple_temp', 0)","('temple_therm', 0)","('temple_tick_ms', 0)","('nose_temp', 0)","('nose_therm', 0)","('nose_tick_ms', 0)","('parsed_sec_tick_ms', 0)","('parsed_sec_epoch', 0)","('quatI', 0.0)","('quatJ', 0.0)","('quatK', 0.0)","('quatReal', 0.0)","('quatRadianAccuracy', 0.0)","('rot_tick_ms', 0)","('activityConfidence', b'\x00\x00\x00\x00\x00\x00\x00\x00\x00')","('tick_ms_activity', 0)","('pos_x', 0.0)","('pos_y', 0.0)","('pos_z', 0.0)","('pos_accuracy', 0.0)","('tick_ms_pos', 0)","('pos_epoch', 0)","('tick_ms', 16921)","('epoch', 1581634961)",1581634974.1269014
"('blink_data', b'\x00\x00\x00\x00\x00\x00\x00\x00\x00\x00\x00\x00\x00\x00\x00\x00\x00\x00\x00\x00\x00\x00\x00\x00\x00\x00\x00\x00\x00\x00\x00\x00\x00\x00\x00\x00\x00\x00\x00\x00\x00\x00\x00\x00\x00\x00\x00\x00\x00\x00\x00\x00\x00\x00\x00\x00\x00\x00\x00\x00\x00\x00\x00\x00\x00\x00\x00\x00\x00\x00\x00\x00\x00\x00\x00\x00\x00\x00\x00\x00\x00\x00\x00\x00\x00\x00\x00\x00\x00\x00\x00\x00\x00\x00\x00\x00\x00\x00\x00\x00')","('blink_tick_ms', 0)","('blink_payload_ID', 0)","('temple_temp', 0)","('temple_therm', 0)","('temple_tick_ms', 0)","('nose_temp', 0)","('nose_therm', 0)","('nose_tick_ms', 0)","('parsed_sec_tick_ms', 0)","('parsed_sec_epoch', 0)","('quatI', 0.0)","('quatJ', 0.0)","('quatK', 0.0)","('quatReal', 0.0)","('quatRadianAccuracy', 0.0)","('rot_tick_ms', 0)","('activityConfidence', b'\x00\x00\x00\x00\x00\x00\x00\x00\x00')","('tick_ms_activity', 0)","('pos_x', 0.0)","('pos_y', 0.0)","('pos_z', 0.0)","('pos_accuracy', 0.0)","('tick_ms_pos', 0)","('pos_epoch', 0)","('tick_ms', 17021)","('epoch', 1581634961)",1581634974.3029065
"('blink_data', b'\x00\x00\x00\x00\x00\x00\x00\x00\x00\x00\x00\x00\x00\x00\x00\x00\x00\x00\x00\x00\x00\x00\x00\x00\x00\x00\x00\x00\x00\x00\x00\x00\x00\x00\x00\x00\x00\x00\x00\x00\x00\x00\x00\x00\x00\x00\x00\x00\x00\x00\x00\x00\x00\x00\x00\x00\x00\x00\x00\x00\x00\x00\x00\x00\x00\x00\x00\x00\x00\x00\x00\x00\x00\x00\x00\x00\x00\x00\x00\x00\x00\x00\x00\x00\x00\x00\x00\x00\x00\x00\x00\x00\x00\x00\x00\x00\x00\x00\x00\x00')","('blink_tick_ms', 0)","('blink_payload_ID', 0)","('temple_temp', 0)","('temple_therm', 0)","('temple_tick_ms', 0)","('nose_temp', 0)","('nose_therm', 0)","('nose_tick_ms', 0)","('parsed_sec_tick_ms', 0)","('parsed_sec_epoch', 0)","('quatI', 0.0)","('quatJ', 0.0)","('quatK', 0.0)","('quatReal', 0.0)","('quatRadianAccuracy', 0.0)","('rot_tick_ms', 0)","('activityConfidence', b'\x00\x00\x00\x00\x00\x00\x00\x00\x00')","('tick_ms_activity', 0)","('pos_x', 0.0)","('pos_y', 0.0)","('pos_z', 0.0)","('pos_accuracy', 0.0)","('tick_ms_pos', 0)","('pos_epoch', 0)","('tick_ms', 17321)","('epoch', 1581634961)",1581634974.5694773
"('blink_data', b'\x00\x00\x00\x00\x00\x00\x00\x00\x00\x00\x00\x00\x00\x00\x00\x00\x00\x00\x00\x00\x00\x00\x00\x00\x00\x00\x00\x00\x00\x00\x00\x00\x00\x00\x00\x00\x00\x00\x00\x00\x00\x00\x00\x00\x00\x00\x00\x00\x00\x00\x00\x00\x00\x00\x00\x00\x00\x00\x00\x00\x00\x00\x00\x00\x00\x00\x00\x00\x00\x00\x00\x00\x00\x00\x00\x00\x00\x00\x00\x00\x00\x00\x00\x00\x00\x00\x00\x00\x00\x00\x00\x00\x00\x00\x00\x00\x00\x00\x00\x00')","('blink_tick_ms', 0)","('blink_payload_ID', 0)","('temple_temp', 0)","('temple_therm', 0)","('temple_tick_ms', 0)","('nose_temp', 0)","('nose_therm', 0)","('nose_tick_ms', 0)","('parsed_sec_tick_ms', 0)","('parsed_sec_epoch', 0)","('quatI', 0.0)","('quatJ', 0.0)","('quatK', 0.0)","('quatReal', 0.0)","('quatRadianAccuracy', 0.0)","('rot_tick_ms', 0)","('activityConfidence', b'\x00\x00\x00\x00\x00\x00\x00\x00\x00')","('tick_ms_activity', 0)","('pos_x', 0.0)","('pos_y', 0.0)","('pos_z', 0.0)","('pos_accuracy', 0.0)","('tick_ms_pos', 0)","('pos_epoch', 0)","('tick_ms', 17521)","('epoch', 1581634961)",1581634974.754413
"('blink_data', b'\x00\x00\x00\x00\x00\x00\x00\x00\x00\x00\x00\x00\x00\x00\x00\x00\x00\x00\x00\x00\x00\x00\x00\x00\x00\x00\x00\x00\x00\x00\x00\x00\x00\x00\x00\x00\x00\x00\x00\x00\x00\x00\x00\x00\x00\x00\x00\x00\x00\x00\x00\x00\x00\x00\x00\x00\x00\x00\x00\x00\x00\x00\x00\x00\x00\x00\x00\x00\x00\x00\x00\x00\x00\x00\x00\x00\x00\x00\x00\x00\x00\x00\x00\x00\x00\x00\x00\x00\x00\x00\x00\x00\x00\x00\x00\x00\x00\x00\x00\x00')","('blink_tick_ms', 0)","('blink_payload_ID', 0)","('temple_temp', 0)","('temple_therm', 0)","('temple_tick_ms', 0)","('nose_temp', 0)","('nose_therm', 0)","('nose_tick_ms', 0)","('parsed_sec_tick_ms', 0)","('parsed_sec_epoch', 0)","('quatI', 0.0)","('quatJ', 0.0)","('quatK', 0.0)","('quatReal', 0.0)","('quatRadianAccuracy', 0.0)","('rot_tick_ms', 0)","('activityConfidence', b'\x00\x00\x00\x00\x00\x00\x00\x00\x00')","('tick_ms_activity', 0)","('pos_x', 0.0)","('pos_y', 0.0)","('pos_z', 0.0)","('pos_accuracy', 0.0)","('tick_ms_pos', 0)","('pos_epoch', 0)","('tick_ms', 17721)","('epoch', 1581634961)",1581634975.003423
"('blink_data', b'\x00\x00\x00\x00\x00\x00\x00\x00\x00\x00\x00\x00\x00\x00\x00\x00\x00\x00\x00\x00\x00\x00\x00\x00\x00\x00\x00\x00\x00\x00\x00\x00\x00\x00\x00\x00\x00\x00\x00\x00\x00\x00\x00\x00\x00\x00\x00\x00\x00\x00\x00\x00\x00\x00\x00\x00\x00\x00\x00\x00\x00\x00\x00\x00\x00\x00\x00\x00\x00\x00\x00\x00\x00\x00\x00\x00\x00\x00\x00\x00\x00\x00\x00\x00\x00\x00\x00\x00\x00\x00\x00\x00\x00\x00\x00\x00\x00\x00\x00\x00')","('blink_tick_ms', 0)","('blink_payload_ID', 0)","('temple_temp', 0)","('temple_therm', 0)","('temple_tick_ms', 0)","('nose_temp', 0)","('nose_therm', 0)","('nose_tick_ms', 0)","('parsed_sec_tick_ms', 0)","('parsed_sec_epoch', 0)","('quatI', 0.0)","('quatJ', 0.0)","('quatK', 0.0)","('quatReal', 0.0)","('quatRadianAccuracy', 0.0)","('rot_tick_ms', 0)","('activityConfidence', b'\x00\x00\x00\x00\x00\x00\x00\x00\x00')","('tick_ms_activity', 0)","('pos_x', 0.0)","('pos_y', 0.0)","('pos_z', 0.0)","('pos_accuracy', 0.0)","('tick_ms_pos', 0)","('pos_epoch', 0)","('tick_ms', 17821)","('epoch', 1581634961)",1581634975.1384106
"('blink_data', b'\x00\x00\x00\x00\x00\x00\x00\x00\x00\x00\x00\x00\x00\x00\x00\x00\x00\x00\x00\x00\x00\x00\x00\x00\x00\x00\x00\x00\x00\x00\x00\x00\x00\x00\x00\x00\x00\x00\x00\x00\x00\x00\x00\x00\x00\x00\x00\x00\x00\x00\x00\x00\x00\x00\x00\x00\x00\x00\x00\x00\x00\x00\x00\x00\x00\x00\x00\x00\x00\x00\x00\x00\x00\x00\x00\x00\x00\x00\x00\x00\x00\x00\x00\x00\x00\x00\x00\x00\x00\x00\x00\x00\x00\x00\x00\x00\x00\x00\x00\x00')","('blink_tick_ms', 0)","('blink_payload_ID', 0)","('temple_temp', 0)","('temple_therm', 0)","('temple_tick_ms', 0)","('nose_temp', 0)","('nose_therm', 0)","('nose_tick_ms', 0)","('parsed_sec_tick_ms', 0)","('parsed_sec_epoch', 0)","('quatI', 0.0)","('quatJ', 0.0)","('quatK', 0.0)","('quatReal', 0.0)","('quatRadianAccuracy', 0.0)","('rot_tick_ms', 0)","('activityConfidence', b'\x00\x00\x00\x00\x00\x00\x00\x00\x00')","('tick_ms_activity', 0)","('pos_x', 0.0)","('pos_y', 0.0)","('pos_z', 0.0)","('pos_accuracy', 0.0)","('tick_ms_pos', 0)","('pos_epoch', 0)","('tick_ms', 17921)","('epoch', 1581634961)",1581634975.308458
"('blink_data', b'\x00\x00\x00\x00\x00\x00\x00\x00\x00\x00\x00\x00\x00\x00\x00\x00\x00\x00\x00\x00\x00\x00\x00\x00\x00\x00\x00\x00\x00\x00\x00\x00\x00\x00\x00\x00\x00\x00\x00\x00\x00\x00\x00\x00\x00\x00\x00\x00\x00\x00\x00\x00\x00\x00\x00\x00\x00\x00\x00\x00\x00\x00\x00\x00\x00\x00\x00\x00\x00\x00\x00\x00\x00\x00\x00\x00\x00\x00\x00\x00\x00\x00\x00\x00\x00\x00\x00\x00\x00\x00\x00\x00\x00\x00\x00\x00\x00\x00\x00\x00')","('blink_tick_ms', 0)","('blink_payload_ID', 0)","('temple_temp', 0)","('temple_therm', 0)","('temple_tick_ms', 0)","('nose_temp', 0)","('nose_therm', 0)","('nose_tick_ms', 0)","('parsed_sec_tick_ms', 0)","('parsed_sec_epoch', 0)","('quatI', 0.0)","('quatJ', 0.0)","('quatK', 0.0)","('quatReal', 0.0)","('quatRadianAccuracy', 0.0)","('rot_tick_ms', 0)","('activityConfidence', b'\x00\x00\x00\x00\x00\x00\x00\x00\x00')","('tick_ms_activity', 0)","('pos_x', 0.0)","('pos_y', 0.0)","('pos_z', 0.0)","('pos_accuracy', 0.0)","('tick_ms_pos', 0)","('pos_epoch', 0)","('tick_ms', 18021)","('epoch', 1581634961)",1581634975.5354078
"('blink_data', b'\x00\x00\x00\x00\x00\x00\x00\x00\x00\x00\x00\x00\x00\x00\x00\x00\x00\x00\x00\x00\x00\x00\x00\x00\x00\x00\x00\x00\x00\x00\x00\x00\x00\x00\x00\x00\x00\x00\x00\x00\x00\x00\x00\x00\x00\x00\x00\x00\x00\x00\x00\x00\x00\x00\x00\x00\x00\x00\x00\x00\x00\x00\x00\x00\x00\x00\x00\x00\x00\x00\x00\x00\x00\x00\x00\x00\x00\x00\x00\x00\x00\x00\x00\x00\x00\x00\x00\x00\x00\x00\x00\x00\x00\x00\x00\x00\x00\x00\x00\x00')","('blink_tick_ms', 0)","('blink_payload_ID', 0)","('temple_temp', 0)","('temple_therm', 0)","('temple_tick_ms', 0)","('nose_temp', 0)","('nose_therm', 0)","('nose_tick_ms', 0)","('parsed_sec_tick_ms', 0)","('parsed_sec_epoch', 0)","('quatI', 0.0)","('quatJ', 0.0)","('quatK', 0.0)","('quatReal', 0.0)","('quatRadianAccuracy', 0.0)","('rot_tick_ms', 0)","('activityConfidence', b'\x00\x00\x00\x00\x00\x00\x00\x00\x00')","('tick_ms_activity', 0)","('pos_x', 0.0)","('pos_y', 0.0)","('pos_z', 0.0)","('pos_accuracy', 0.0)","('tick_ms_pos', 0)","('pos_epoch', 0)","('tick_ms', 18121)","('epoch', 1581634961)",1581634975.7164598
"('blink_data', b'\x00\x00\x00\x00\x00\x00\x00\x00\x00\x00\x00\x00\x00\x00\x00\x00\x00\x00\x00\x00\x00\x00\x00\x00\x00\x00\x00\x00\x00\x00\x00\x00\x00\x00\x00\x00\x00\x00\x00\x00\x00\x00\x00\x00\x00\x00\x00\x00\x00\x00\x00\x00\x00\x00\x00\x00\x00\x00\x00\x00\x00\x00\x00\x00\x00\x00\x00\x00\x00\x00\x00\x00\x00\x00\x00\x00\x00\x00\x00\x00\x00\x00\x00\x00\x00\x00\x00\x00\x00\x00\x00\x00\x00\x00\x00\x00\x00\x00\x00\x00')","('blink_tick_ms', 0)","('blink_payload_ID', 0)","('temple_temp', 0)","('temple_therm', 0)","('temple_tick_ms', 0)","('nose_temp', 0)","('nose_therm', 0)","('nose_tick_ms', 0)","('parsed_sec_tick_ms', 0)","('parsed_sec_epoch', 0)","('quatI', 0.0)","('quatJ', 0.0)","('quatK', 0.0)","('quatReal', 0.0)","('quatRadianAccuracy', 0.0)","('rot_tick_ms', 0)","('activityConfidence', b'\x00\x00\x00\x00\x00\x00\x00\x00\x00')","('tick_ms_activity', 0)","('pos_x', 0.0)","('pos_y', 0.0)","('pos_z', 0.0)","('pos_accuracy', 0.0)","('tick_ms_pos', 0)","('pos_epoch', 0)","('tick_ms', 18420)","('epoch', 1581634961)",1581634976.0624063
"('blink_data', b'\x00\x00\x00\x00\x00\x00\x00\x00\x00\x00\x00\x00\x00\x00\x00\x00\x00\x00\x00\x00\x00\x00\x00\x00\x00\x00\x00\x00\x00\x00\x00\x00\x00\x00\x00\x00\x00\x00\x00\x00\x00\x00\x00\x00\x00\x00\x00\x00\x00\x00\x00\x00\x00\x00\x00\x00\x00\x00\x00\x00\x00\x00\x00\x00\x00\x00\x00\x00\x00\x00\x00\x00\x00\x00\x00\x00\x00\x00\x00\x00\x00\x00\x00\x00\x00\x00\x00\x00\x00\x00\x00\x00\x00\x00\x00\x00\x00\x00\x00\x00')","('blink_tick_ms', 0)","('blink_payload_ID', 0)","('temple_temp', 0)","('temple_therm', 0)","('temple_tick_ms', 0)","('nose_temp', 0)","('nose_therm', 0)","('nose_tick_ms', 0)","('parsed_sec_tick_ms', 0)","('parsed_sec_epoch', 0)","('quatI', 0.0)","('quatJ', 0.0)","('quatK', 0.0)","('quatReal', 0.0)","('quatRadianAccuracy', 0.0)","('rot_tick_ms', 0)","('activityConfidence', b'\x00\x00\x00\x00\x00\x00\x00\x00\x00')","('tick_ms_activity', 0)","('pos_x', 0.0)","('pos_y', 0.0)","('pos_z', 0.0)","('pos_accuracy', 0.0)","('tick_ms_pos', 0)","('pos_epoch', 0)","('tick_ms', 18520)","('epoch', 1581634961)",1581634976.2154152
"('blink_data', b'\x00\x00\x00\x00\x00\x00\x00\x00\x00\x00\x00\x00\x00\x00\x00\x00\x00\x00\x00\x00\x00\x00\x00\x00\x00\x00\x00\x00\x00\x00\x00\x00\x00\x00\x00\x00\x00\x00\x00\x00\x00\x00\x00\x00\x00\x00\x00\x00\x00\x00\x00\x00\x00\x00\x00\x00\x00\x00\x00\x00\x00\x00\x00\x00\x00\x00\x00\x00\x00\x00\x00\x00\x00\x00\x00\x00\x00\x00\x00\x00\x00\x00\x00\x00\x00\x00\x00\x00\x00\x00\x00\x00\x00\x00\x00\x00\x00\x00\x00\x00')","('blink_tick_ms', 0)","('blink_payload_ID', 0)","('temple_temp', 0)","('temple_therm', 0)","('temple_tick_ms', 0)","('nose_temp', 0)","('nose_therm', 0)","('nose_tick_ms', 0)","('parsed_sec_tick_ms', 0)","('parsed_sec_epoch', 0)","('quatI', 0.0)","('quatJ', 0.0)","('quatK', 0.0)","('quatReal', 0.0)","('quatRadianAccuracy', 0.0)","('rot_tick_ms', 0)","('activityConfidence', b'\x00\x00\x00\x00\x00\x00\x00\x00\x00')","('tick_ms_activity', 0)","('pos_x', 0.0)","('pos_y', 0.0)","('pos_z', 0.0)","('pos_accuracy', 0.0)","('tick_ms_pos', 0)","('pos_epoch', 0)","('tick_ms', 18820)","('epoch', 1581634961)",1581634976.4194107
"('blink_data', b'\x00\x00\x00\x00\x00\x00\x00\x00\x00\x00\x00\x00\x00\x00\x00\x00\x00\x00\x00\x00\x00\x00\x00\x00\x00\x00\x00\x00\x00\x00\x00\x00\x00\x00\x00\x00\x00\x00\x00\x00\x00\x00\x00\x00\x00\x00\x00\x00\x00\x00\x00\x00\x00\x00\x00\x00\x00\x00\x00\x00\x00\x00\x00\x00\x00\x00\x00\x00\x00\x00\x00\x00\x00\x00\x00\x00\x00\x00\x00\x00\x00\x00\x00\x00\x00\x00\x00\x00\x00\x00\x00\x00\x00\x00\x00\x00\x00\x00\x00\x00')","('blink_tick_ms', 0)","('blink_payload_ID', 0)","('temple_temp', 0)","('temple_therm', 0)","('temple_tick_ms', 0)","('nose_temp', 0)","('nose_therm', 0)","('nose_tick_ms', 0)","('parsed_sec_tick_ms', 0)","('parsed_sec_epoch', 0)","('quatI', 0.0)","('quatJ', 0.0)","('quatK', 0.0)","('quatReal', 0.0)","('quatRadianAccuracy', 0.0)","('rot_tick_ms', 0)","('activityConfidence', b'\x00\x00\x00\x00\x00\x00\x00\x00\x00')","('tick_ms_activity', 0)","('pos_x', 0.0)","('pos_y', 0.0)","('pos_z', 0.0)","('pos_accuracy', 0.0)","('tick_ms_pos', 0)","('pos_epoch', 0)","('tick_ms', 19020)","('epoch', 1581634961)",1581634976.638439
"('blink_data', b'\x00\x00\x00\x00\x00\x00\x00\x00\x00\x00\x00\x00\x00\x00\x00\x00\x00\x00\x00\x00\x00\x00\x00\x00\x00\x00\x00\x00\x00\x00\x00\x00\x00\x00\x00\x00\x00\x00\x00\x00\x00\x00\x00\x00\x00\x00\x00\x00\x00\x00\x00\x00\x00\x00\x00\x00\x00\x00\x00\x00\x00\x00\x00\x00\x00\x00\x00\x00\x00\x00\x00\x00\x00\x00\x00\x00\x00\x00\x00\x00\x00\x00\x00\x00\x00\x00\x00\x00\x00\x00\x00\x00\x00\x00\x00\x00\x00\x00\x00\x00')","('blink_tick_ms', 0)","('blink_payload_ID', 0)","('temple_temp', 0)","('temple_therm', 0)","('temple_tick_ms', 0)","('nose_temp', 0)","('nose_therm', 0)","('nose_tick_ms', 0)","('parsed_sec_tick_ms', 0)","('parsed_sec_epoch', 0)","('quatI', 0.0)","('quatJ', 0.0)","('quatK', 0.0)","('quatReal', 0.0)","('quatRadianAccuracy', 0.0)","('rot_tick_ms', 0)","('activityConfidence', b'\x00\x00\x00\x00\x00\x00\x00\x00\x00')","('tick_ms_activity', 0)","('pos_x', 0.0)","('pos_y', 0.0)","('pos_z', 0.0)","('pos_accuracy', 0.0)","('tick_ms_pos', 0)","('pos_epoch', 0)","('tick_ms', 19220)","('epoch', 1581634961)",1581634976.814453
"('blink_data', b'\x00\x00\x00\x00\x00\x00\x00\x00\x00\x00\x00\x00\x00\x00\x00\x00\x00\x00\x00\x00\x00\x00\x00\x00\x00\x00\x00\x00\x00\x00\x00\x00\x00\x00\x00\x00\x00\x00\x00\x00\x00\x00\x00\x00\x00\x00\x00\x00\x00\x00\x00\x00\x00\x00\x00\x00\x00\x00\x00\x00\x00\x00\x00\x00\x00\x00\x00\x00\x00\x00\x00\x00\x00\x00\x00\x00\x00\x00\x00\x00\x00\x00\x00\x00\x00\x00\x00\x00\x00\x00\x00\x00\x00\x00\x00\x00\x00\x00\x00\x00')","('blink_tick_ms', 0)","('blink_payload_ID', 0)","('temple_temp', 0)","('temple_therm', 0)","('temple_tick_ms', 0)","('nose_temp', 0)","('nose_therm', 0)","('nose_tick_ms', 0)","('parsed_sec_tick_ms', 0)","('parsed_sec_epoch', 0)","('quatI', 0.0)","('quatJ', 0.0)","('quatK', 0.0)","('quatReal', 0.0)","('quatRadianAccuracy', 0.0)","('rot_tick_ms', 0)","('activityConfidence', b'\x00\x00\x00\x00\x00\x00\x00\x00\x00')","('tick_ms_activity', 0)","('pos_x', 0.0)","('pos_y', 0.0)","('pos_z', 0.0)","('pos_accuracy', 0.0)","('tick_ms_pos', 0)","('pos_epoch', 0)","('tick_ms', 19320)","('epoch', 1581634961)",1581634976.9944074
"('blink_data', b'\x00\x00\x00\x00\x00\x00\x00\x00\x00\x00\x00\x00\x00\x00\x00\x00\x00\x00\x00\x00\x00\x00\x00\x00\x00\x00\x00\x00\x00\x00\x00\x00\x00\x00\x00\x00\x00\x00\x00\x00\x00\x00\x00\x00\x00\x00\x00\x00\x00\x00\x00\x00\x00\x00\x00\x00\x00\x00\x00\x00\x00\x00\x00\x00\x00\x00\x00\x00\x00\x00\x00\x00\x00\x00\x00\x00\x00\x00\x00\x00\x00\x00\x00\x00\x00\x00\x00\x00\x00\x00\x00\x00\x00\x00\x00\x00\x00\x00\x00\x00')","('blink_tick_ms', 0)","('blink_payload_ID', 0)","('temple_temp', 0)","('temple_therm', 0)","('temple_tick_ms', 0)","('nose_temp', 0)","('nose_therm', 0)","('nose_tick_ms', 0)","('parsed_sec_tick_ms', 0)","('parsed_sec_epoch', 0)","('quatI', 0.0)","('quatJ', 0.0)","('quatK', 0.0)","('quatReal', 0.0)","('quatRadianAccuracy', 0.0)","('rot_tick_ms', 0)","('activityConfidence', b'\x00\x00\x00\x00\x00\x00\x00\x00\x00')","('tick_ms_activity', 0)","('pos_x', 0.0)","('pos_y', 0.0)","('pos_z', 0.0)","('pos_accuracy', 0.0)","('tick_ms_pos', 0)","('pos_epoch', 0)","('tick_ms', 19419)","('epoch', 1581634961)",1581634977.184409
"('blink_data', b'\x00\x00\x00\x00\x00\x00\x00\x00\x00\x00\x00\x00\x00\x00\x00\x00\x00\x00\x00\x00\x00\x00\x00\x00\x00\x00\x00\x00\x00\x00\x00\x00\x00\x00\x00\x00\x00\x00\x00\x00\x00\x00\x00\x00\x00\x00\x00\x00\x00\x00\x00\x00\x00\x00\x00\x00\x00\x00\x00\x00\x00\x00\x00\x00\x00\x00\x00\x00\x00\x00\x00\x00\x00\x00\x00\x00\x00\x00\x00\x00\x00\x00\x00\x00\x00\x00\x00\x00\x00\x00\x00\x00\x00\x00\x00\x00\x00\x00\x00\x00')","('blink_tick_ms', 0)","('blink_payload_ID', 0)","('temple_temp', 0)","('temple_therm', 0)","('temple_tick_ms', 0)","('nose_temp', 0)","('nose_therm', 0)","('nose_tick_ms', 0)","('parsed_sec_tick_ms', 0)","('parsed_sec_epoch', 0)","('quatI', 0.0)","('quatJ', 0.0)","('quatK', 0.0)","('quatReal', 0.0)","('quatRadianAccuracy', 0.0)","('rot_tick_ms', 0)","('activityConfidence', b'\x00\x00\x00\x00\x00\x00\x00\x00\x00')","('tick_ms_activity', 0)","('pos_x', 0.0)","('pos_y', 0.0)","('pos_z', 0.0)","('pos_accuracy', 0.0)","('tick_ms_pos', 0)","('pos_epoch', 0)","('tick_ms', 19519)","('epoch', 1581634961)",1581634977.3454504
"('blink_data', b'\x00\x00\x00\x00\x00\x00\x00\x00\x00\x00\x00\x00\x00\x00\x00\x00\x00\x00\x00\x00\x00\x00\x00\x00\x00\x00\x00\x00\x00\x00\x00\x00\x00\x00\x00\x00\x00\x00\x00\x00\x00\x00\x00\x00\x00\x00\x00\x00\x00\x00\x00\x00\x00\x00\x00\x00\x00\x00\x00\x00\x00\x00\x00\x00\x00\x00\x00\x00\x00\x00\x00\x00\x00\x00\x00\x00\x00\x00\x00\x00\x00\x00\x00\x00\x00\x00\x00\x00\x00\x00\x00\x00\x00\x00\x00\x00\x00\x00\x00\x00')","('blink_tick_ms', 0)","('blink_payload_ID', 0)","('temple_temp', 0)","('temple_therm', 0)","('temple_tick_ms', 0)","('nose_temp', 0)","('nose_therm', 0)","('nose_tick_ms', 0)","('parsed_sec_tick_ms', 0)","('parsed_sec_epoch', 0)","('quatI', 0.0)","('quatJ', 0.0)","('quatK', 0.0)","('quatReal', 0.0)","('quatRadianAccuracy', 0.0)","('rot_tick_ms', 0)","('activityConfidence', b'\x00\x00\x00\x00\x00\x00\x00\x00\x00')","('tick_ms_activity', 0)","('pos_x', 0.0)","('pos_y', 0.0)","('pos_z', 0.0)","('pos_accuracy', 0.0)","('tick_ms_pos', 0)","('pos_epoch', 0)","('tick_ms', 19719)","('epoch', 1581634961)",1581634977.550472
"('blink_data', b'\x00\x00\x00\x00\x00\x00\x00\x00\x00\x00\x00\x00\x00\x00\x00\x00\x00\x00\x00\x00\x00\x00\x00\x00\x00\x00\x00\x00\x00\x00\x00\x00\x00\x00\x00\x00\x00\x00\x00\x00\x00\x00\x00\x00\x00\x00\x00\x00\x00\x00\x00\x00\x00\x00\x00\x00\x00\x00\x00\x00\x00\x00\x00\x00\x00\x00\x00\x00\x00\x00\x00\x00\x00\x00\x00\x00\x00\x00\x00\x00\x00\x00\x00\x00\x00\x00\x00\x00\x00\x00\x00\x00\x00\x00\x00\x00\x00\x00\x00\x00')","('blink_tick_ms', 0)","('blink_payload_ID', 0)","('temple_temp', 0)","('temple_therm', 0)","('temple_tick_ms', 0)","('nose_temp', 0)","('nose_therm', 0)","('nose_tick_ms', 0)","('parsed_sec_tick_ms', 0)","('parsed_sec_epoch', 0)","('quatI', 0.0)","('quatJ', 0.0)","('quatK', 0.0)","('quatReal', 0.0)","('quatRadianAccuracy', 0.0)","('rot_tick_ms', 0)","('activityConfidence', b'\x00\x00\x00\x00\x00\x00\x00\x00\x00')","('tick_ms_activity', 0)","('pos_x', 0.0)","('pos_y', 0.0)","('pos_z', 0.0)","('pos_accuracy', 0.0)","('tick_ms_pos', 0)","('pos_epoch', 0)","('tick_ms', 19819)","('epoch', 1581634961)",1581634977.7544403
"('blink_data', b'\x00\x00\x00\x00\x00\x00\x00\x00\x00\x00\x00\x00\x00\x00\x00\x00\x00\x00\x00\x00\x00\x00\x00\x00\x00\x00\x00\x00\x00\x00\x00\x00\x00\x00\x00\x00\x00\x00\x00\x00\x00\x00\x00\x00\x00\x00\x00\x00\x00\x00\x00\x00\x00\x00\x00\x00\x00\x00\x00\x00\x00\x00\x00\x00\x00\x00\x00\x00\x00\x00\x00\x00\x00\x00\x00\x00\x00\x00\x00\x00\x00\x00\x00\x00\x00\x00\x00\x00\x00\x00\x00\x00\x00\x00\x00\x00\x00\x00\x00\x00')","('blink_tick_ms', 0)","('blink_payload_ID', 0)","('temple_temp', 0)","('temple_therm', 0)","('temple_tick_ms', 0)","('nose_temp', 0)","('nose_therm', 0)","('nose_tick_ms', 0)","('parsed_sec_tick_ms', 0)","('parsed_sec_epoch', 0)","('quatI', 0.0)","('quatJ', 0.0)","('quatK', 0.0)","('quatReal', 0.0)","('quatRadianAccuracy', 0.0)","('rot_tick_ms', 0)","('activityConfidence', b'\x00\x00\x00\x00\x00\x00\x00\x00\x00')","('tick_ms_activity', 0)","('pos_x', 0.0)","('pos_y', 0.0)","('pos_z', 0.0)","('pos_accuracy', 0.0)","('tick_ms_pos', 0)","('pos_epoch', 0)","('tick_ms', 20419)","('epoch', 1581634961)",1581634977.924413
"('blink_data', b'\x00\x00\x00\x00\x00\x00\x00\x00\x00\x00\x00\x00\x00\x00\x00\x00\x00\x00\x00\x00\x00\x00\x00\x00\x00\x00\x00\x00\x00\x00\x00\x00\x00\x00\x00\x00\x00\x00\x00\x00\x00\x00\x00\x00\x00\x00\x00\x00\x00\x00\x00\x00\x00\x00\x00\x00\x00\x00\x00\x00\x00\x00\x00\x00\x00\x00\x00\x00\x00\x00\x00\x00\x00\x00\x00\x00\x00\x00\x00\x00\x00\x00\x00\x00\x00\x00\x00\x00\x00\x00\x00\x00\x00\x00\x00\x00\x00\x00\x00\x00')","('blink_tick_ms', 0)","('blink_payload_ID', 0)","('temple_temp', 0)","('temple_therm', 0)","('temple_tick_ms', 0)","('nose_temp', 0)","('nose_therm', 0)","('nose_tick_ms', 0)","('parsed_sec_tick_ms', 0)","('parsed_sec_epoch', 0)","('quatI', 0.0)","('quatJ', 0.0)","('quatK', 0.0)","('quatReal', 0.0)","('quatRadianAccuracy', 0.0)","('rot_tick_ms', 0)","('activityConfidence', b'\x00\x00\x00\x00\x00\x00\x00\x00\x00')","('tick_ms_activity', 0)","('pos_x', 0.0)","('pos_y', 0.0)","('pos_z', 0.0)","('pos_accuracy', 0.0)","('tick_ms_pos', 0)","('pos_epoch', 0)","('tick_ms', 20519)","('epoch', 1581634961)",1581634978.0134525
"('blink_data', b'\x00\x00\x00\x00\x00\x00\x00\x00\x00\x00\x00\x00\x00\x00\x00\x00\x00\x00\x00\x00\x00\x00\x00\x00\x00\x00\x00\x00\x00\x00\x00\x00\x00\x00\x00\x00\x00\x00\x00\x00\x00\x00\x00\x00\x00\x00\x00\x00\x00\x00\x00\x00\x00\x00\x00\x00\x00\x00\x00\x00\x00\x00\x00\x00\x00\x00\x00\x00\x00\x00\x00\x00\x00\x00\x00\x00\x00\x00\x00\x00\x00\x00\x00\x00\x00\x00\x00\x00\x00\x00\x00\x00\x00\x00\x00\x00\x00\x00\x00\x00')","('blink_tick_ms', 0)","('blink_payload_ID', 0)","('temple_temp', 0)","('temple_therm', 0)","('temple_tick_ms', 0)","('nose_temp', 0)","('nose_therm', 0)","('nose_tick_ms', 0)","('parsed_sec_tick_ms', 0)","('parsed_sec_epoch', 0)","('quatI', 0.0)","('quatJ', 0.0)","('quatK', 0.0)","('quatReal', 0.0)","('quatRadianAccuracy', 0.0)","('rot_tick_ms', 0)","('activityConfidence', b'\x00\x00\x00\x00\x00\x00\x00\x00\x00')","('tick_ms_activity', 0)","('pos_x', 0.0)","('pos_y', 0.0)","('pos_z', 0.0)","('pos_accuracy', 0.0)","('tick_ms_pos', 0)","('pos_epoch', 0)","('tick_ms', 20619)","('epoch', 1581634961)",1581634978.252454
"('blink_data', b'\x00\x00\x00\x00\x00\x00\x00\x00\x00\x00\x00\x00\x00\x00\x00\x00\x00\x00\x00\x00\x00\x00\x00\x00\x00\x00\x00\x00\x00\x00\x00\x00\x00\x00\x00\x00\x00\x00\x00\x00\x00\x00\x00\x00\x00\x00\x00\x00\x00\x00\x00\x00\x00\x00\x00\x00\x00\x00\x00\x00\x00\x00\x00\x00\x00\x00\x00\x00\x00\x00\x00\x00\x00\x00\x00\x00\x00\x00\x00\x00\x00\x00\x00\x00\x00\x00\x00\x00\x00\x00\x00\x00\x00\x00\x00\x00\x00\x00\x00\x00')","('blink_tick_ms', 0)","('blink_payload_ID', 0)","('temple_temp', 0)","('temple_therm', 0)","('temple_tick_ms', 0)","('nose_temp', 0)","('nose_therm', 0)","('nose_tick_ms', 0)","('parsed_sec_tick_ms', 0)","('parsed_sec_epoch', 0)","('quatI', 0.0)","('quatJ', 0.0)","('quatK', 0.0)","('quatReal', 0.0)","('quatRadianAccuracy', 0.0)","('rot_tick_ms', 0)","('activityConfidence', b'\x00\x00\x00\x00\x00\x00\x00\x00\x00')","('tick_ms_activity', 0)","('pos_x', 0.0)","('pos_y', 0.0)","('pos_z', 0.0)","('pos_accuracy', 0.0)","('tick_ms_pos', 0)","('pos_epoch', 0)","('tick_ms', 20719)","('epoch', 1581634961)",1581634978.4194663
"('blink_data', b'\x00\x00\x00\x00\x00\x00\x00\x00\x00\x00\x00\x00\x00\x00\x00\x00\x00\x00\x00\x00\x00\x00\x00\x00\x00\x00\x00\x00\x00\x00\x00\x00\x00\x00\x00\x00\x00\x00\x00\x00\x00\x00\x00\x00\x00\x00\x00\x00\x00\x00\x00\x00\x00\x00\x00\x00\x00\x00\x00\x00\x00\x00\x00\x00\x00\x00\x00\x00\x00\x00\x00\x00\x00\x00\x00\x00\x00\x00\x00\x00\x00\x00\x00\x00\x00\x00\x00\x00\x00\x00\x00\x00\x00\x00\x00\x00\x00\x00\x00\x00')","('blink_tick_ms', 0)","('blink_payload_ID', 0)","('temple_temp', 0)","('temple_therm', 0)","('temple_tick_ms', 0)","('nose_temp', 0)","('nose_therm', 0)","('nose_tick_ms', 0)","('parsed_sec_tick_ms', 0)","('parsed_sec_epoch', 0)","('quatI', 0.0)","('quatJ', 0.0)","('quatK', 0.0)","('quatReal', 0.0)","('quatRadianAccuracy', 0.0)","('rot_tick_ms', 0)","('activityConfidence', b'\x00\x00\x00\x00\x00\x00\x00\x00\x00')","('tick_ms_activity', 0)","('pos_x', 0.0)","('pos_y', 0.0)","('pos_z', 0.0)","('pos_accuracy', 0.0)","('tick_ms_pos', 0)","('pos_epoch', 0)","('tick_ms', 20819)","('epoch', 1581634961)",1581634978.795412
"('blink_data', b'\x00\x00\x00\x00\x00\x00\x00\x00\x00\x00\x00\x00\x00\x00\x00\x00\x00\x00\x00\x00\x00\x00\x00\x00\x00\x00\x00\x00\x00\x00\x00\x00\x00\x00\x00\x00\x00\x00\x00\x00\x00\x00\x00\x00\x00\x00\x00\x00\x00\x00\x00\x00\x00\x00\x00\x00\x00\x00\x00\x00\x00\x00\x00\x00\x00\x00\x00\x00\x00\x00\x00\x00\x00\x00\x00\x00\x00\x00\x00\x00\x00\x00\x00\x00\x00\x00\x00\x00\x00\x00\x00\x00\x00\x00\x00\x00\x00\x00\x00\x00')","('blink_tick_ms', 0)","('blink_payload_ID', 0)","('temple_temp', 0)","('temple_therm', 0)","('temple_tick_ms', 0)","('nose_temp', 0)","('nose_therm', 0)","('nose_tick_ms', 0)","('parsed_sec_tick_ms', 0)","('parsed_sec_epoch', 0)","('quatI', 0.0)","('quatJ', 0.0)","('quatK', 0.0)","('quatReal', 0.0)","('quatRadianAccuracy', 0.0)","('rot_tick_ms', 0)","('activityConfidence', b'\x00\x00\x00\x00\x00\x00\x00\x00\x00')","('tick_ms_activity', 0)","('pos_x', 0.0)","('pos_y', 0.0)","('pos_z', 0.0)","('pos_accuracy', 0.0)","('tick_ms_pos', 0)","('pos_epoch', 0)","('tick_ms', 21119)","('epoch', 1581634962)",1581634978.8564613
"('blink_data', b'\x00\x00\x00\x00\x00\x00\x00\x00\x00\x00\x00\x00\x00\x00\x00\x00\x00\x00\x00\x00\x00\x00\x00\x00\x00\x00\x00\x00\x00\x00\x00\x00\x00\x00\x00\x00\x00\x00\x00\x00\x00\x00\x00\x00\x00\x00\x00\x00\x00\x00\x00\x00\x00\x00\x00\x00\x00\x00\x00\x00\x00\x00\x00\x00\x00\x00\x00\x00\x00\x00\x00\x00\x00\x00\x00\x00\x00\x00\x00\x00\x00\x00\x00\x00\x00\x00\x00\x00\x00\x00\x00\x00\x00\x00\x00\x00\x00\x00\x00\x00')","('blink_tick_ms', 0)","('blink_payload_ID', 0)","('temple_temp', 0)","('temple_therm', 0)","('temple_tick_ms', 0)","('nose_temp', 0)","('nose_therm', 0)","('nose_tick_ms', 0)","('parsed_sec_tick_ms', 0)","('parsed_sec_epoch', 0)","('quatI', 0.0)","('quatJ', 0.0)","('quatK', 0.0)","('quatReal', 0.0)","('quatRadianAccuracy', 0.0)","('rot_tick_ms', 0)","('activityConfidence', b'\x00\x00\x00\x00\x00\x00\x00\x00\x00')","('tick_ms_activity', 0)","('pos_x', 0.0)","('pos_y', 0.0)","('pos_z', 0.0)","('pos_accuracy', 0.0)","('tick_ms_pos', 0)","('pos_epoch', 0)","('tick_ms', 21219)","('epoch', 1581634962)",1581634979.0514076
"('blink_data', b'\x00\x00\x00\x00\x00\x00\x00\x00\x00\x00\x00\x00\x00\x00\x00\x00\x00\x00\x00\x00\x00\x00\x00\x00\x00\x00\x00\x00\x00\x00\x00\x00\x00\x00\x00\x00\x00\x00\x00\x00\x00\x00\x00\x00\x00\x00\x00\x00\x00\x00\x00\x00\x00\x00\x00\x00\x00\x00\x00\x00\x00\x00\x00\x00\x00\x00\x00\x00\x00\x00\x00\x00\x00\x00\x00\x00\x00\x00\x00\x00\x00\x00\x00\x00\x00\x00\x00\x00\x00\x00\x00\x00\x00\x00\x00\x00\x00\x00\x00\x00')","('blink_tick_ms', 0)","('blink_payload_ID', 0)","('temple_temp', 0)","('temple_therm', 0)","('temple_tick_ms', 0)","('nose_temp', 0)","('nose_therm', 0)","('nose_tick_ms', 0)","('parsed_sec_tick_ms', 0)","('parsed_sec_epoch', 0)","('quatI', 0.0)","('quatJ', 0.0)","('quatK', 0.0)","('quatReal', 0.0)","('quatRadianAccuracy', 0.0)","('rot_tick_ms', 0)","('activityConfidence', b'\x00\x00\x00\x00\x00\x00\x00\x00\x00')","('tick_ms_activity', 0)","('pos_x', 0.0)","('pos_y', 0.0)","('pos_z', 0.0)","('pos_accuracy', 0.0)","('tick_ms_pos', 0)","('pos_epoch', 0)","('tick_ms', 21519)","('epoch', 1581634962)",1581634979.2784069
"('blink_data', b'\x00\x00\x00\x00\x00\x00\x00\x00\x00\x00\x00\x00\x00\x00\x00\x00\x00\x00\x00\x00\x00\x00\x00\x00\x00\x00\x00\x00\x00\x00\x00\x00\x00\x00\x00\x00\x00\x00\x00\x00\x00\x00\x00\x00\x00\x00\x00\x00\x00\x00\x00\x00\x00\x00\x00\x00\x00\x00\x00\x00\x00\x00\x00\x00\x00\x00\x00\x00\x00\x00\x00\x00\x00\x00\x00\x00\x00\x00\x00\x00\x00\x00\x00\x00\x00\x00\x00\x00\x00\x00\x00\x00\x00\x00\x00\x00\x00\x00\x00\x00')","('blink_tick_ms', 0)","('blink_payload_ID', 0)","('temple_temp', 0)","('temple_therm', 0)","('temple_tick_ms', 0)","('nose_temp', 0)","('nose_therm', 0)","('nose_tick_ms', 0)","('parsed_sec_tick_ms', 0)","('parsed_sec_epoch', 0)","('quatI', 0.0)","('quatJ', 0.0)","('quatK', 0.0)","('quatReal', 0.0)","('quatRadianAccuracy', 0.0)","('rot_tick_ms', 0)","('activityConfidence', b'\x00\x00\x00\x00\x00\x00\x00\x00\x00')","('tick_ms_activity', 0)","('pos_x', 0.0)","('pos_y', 0.0)","('pos_z', 0.0)","('pos_accuracy', 0.0)","('tick_ms_pos', 0)","('pos_epoch', 0)","('tick_ms', 21619)","('epoch', 1581634962)",1581634979.4644108
"('blink_data', b'\x00\x00\x00\x00\x00\x00\x00\x00\x00\x00\x00\x00\x00\x00\x00\x00\x00\x00\x00\x00\x00\x00\x00\x00\x00\x00\x00\x00\x00\x00\x00\x00\x00\x00\x00\x00\x00\x00\x00\x00\x00\x00\x00\x00\x00\x00\x00\x00\x00\x00\x00\x00\x00\x00\x00\x00\x00\x00\x00\x00\x00\x00\x00\x00\x00\x00\x00\x00\x00\x00\x00\x00\x00\x00\x00\x00\x00\x00\x00\x00\x00\x00\x00\x00\x00\x00\x00\x00\x00\x00\x00\x00\x00\x00\x00\x00\x00\x00\x00\x00')","('blink_tick_ms', 0)","('blink_payload_ID', 0)","('temple_temp', 0)","('temple_therm', 0)","('temple_tick_ms', 0)","('nose_temp', 0)","('nose_therm', 0)","('nose_tick_ms', 0)","('parsed_sec_tick_ms', 0)","('parsed_sec_epoch', 0)","('quatI', 0.0)","('quatJ', 0.0)","('quatK', 0.0)","('quatReal', 0.0)","('quatRadianAccuracy', 0.0)","('rot_tick_ms', 0)","('activityConfidence', b'\x00\x00\x00\x00\x00\x00\x00\x00\x00')","('tick_ms_activity', 0)","('pos_x', 0.0)","('pos_y', 0.0)","('pos_z', 0.0)","('pos_accuracy', 0.0)","('tick_ms_pos', 0)","('pos_epoch', 0)","('tick_ms', 21919)","('epoch', 1581634962)",1581634979.658468
"('blink_data', b'\x00\x00\x00\x00\x00\x00\x00\x00\x00\x00\x00\x00\x00\x00\x00\x00\x00\x00\x00\x00\x00\x00\x00\x00\x00\x00\x00\x00\x00\x00\x00\x00\x00\x00\x00\x00\x00\x00\x00\x00\x00\x00\x00\x00\x00\x00\x00\x00\x00\x00\x00\x00\x00\x00\x00\x00\x00\x00\x00\x00\x00\x00\x00\x00\x00\x00\x00\x00\x00\x00\x00\x00\x00\x00\x00\x00\x00\x00\x00\x00\x00\x00\x00\x00\x00\x00\x00\x00\x00\x00\x00\x00\x00\x00\x00\x00\x00\x00\x00\x00')","('blink_tick_ms', 0)","('blink_payload_ID', 0)","('temple_temp', 0)","('temple_therm', 0)","('temple_tick_ms', 0)","('nose_temp', 0)","('nose_therm', 0)","('nose_tick_ms', 0)","('parsed_sec_tick_ms', 0)","('parsed_sec_epoch', 0)","('quatI', 0.0)","('quatJ', 0.0)","('quatK', 0.0)","('quatReal', 0.0)","('quatRadianAccuracy', 0.0)","('rot_tick_ms', 0)","('activityConfidence', b'\x00\x00\x00\x00\x00\x00\x00\x00\x00')","('tick_ms_activity', 0)","('pos_x', 0.0)","('pos_y', 0.0)","('pos_z', 0.0)","('pos_accuracy', 0.0)","('tick_ms_pos', 0)","('pos_epoch', 0)","('tick_ms', 22118)","('epoch', 1581634962)",1581634979.8164606
"('blink_data', b'\x00\x00\x00\x00\x00\x00\x00\x00\x00\x00\x00\x00\x00\x00\x00\x00\x00\x00\x00\x00\x00\x00\x00\x00\x00\x00\x00\x00\x00\x00\x00\x00\x00\x00\x00\x00\x00\x00\x00\x00\x00\x00\x00\x00\x00\x00\x00\x00\x00\x00\x00\x00\x00\x00\x00\x00\x00\x00\x00\x00\x00\x00\x00\x00\x00\x00\x00\x00\x00\x00\x00\x00\x00\x00\x00\x00\x00\x00\x00\x00\x00\x00\x00\x00\x00\x00\x00\x00\x00\x00\x00\x00\x00\x00\x00\x00\x00\x00\x00\x00')","('blink_tick_ms', 0)","('blink_payload_ID', 0)","('temple_temp', 0)","('temple_therm', 0)","('temple_tick_ms', 0)","('nose_temp', 0)","('nose_therm', 0)","('nose_tick_ms', 0)","('parsed_sec_tick_ms', 0)","('parsed_sec_epoch', 0)","('quatI', 0.0)","('quatJ', 0.0)","('quatK', 0.0)","('quatReal', 0.0)","('quatRadianAccuracy', 0.0)","('rot_tick_ms', 0)","('activityConfidence', b'\x00\x00\x00\x00\x00\x00\x00\x00\x00')","('tick_ms_activity', 0)","('pos_x', 0.0)","('pos_y', 0.0)","('pos_z', 0.0)","('pos_accuracy', 0.0)","('tick_ms_pos', 0)","('pos_epoch', 0)","('tick_ms', 22218)","('epoch', 1581634962)",1581634979.9344592
"('blink_data', b'\x00\x00\x00\x00\x00\x00\x00\x00\x00\x00\x00\x00\x00\x00\x00\x00\x00\x00\x00\x00\x00\x00\x00\x00\x00\x00\x00\x00\x00\x00\x00\x00\x00\x00\x00\x00\x00\x00\x00\x00\x00\x00\x00\x00\x00\x00\x00\x00\x00\x00\x00\x00\x00\x00\x00\x00\x00\x00\x00\x00\x00\x00\x00\x00\x00\x00\x00\x00\x00\x00\x00\x00\x00\x00\x00\x00\x00\x00\x00\x00\x00\x00\x00\x00\x00\x00\x00\x00\x00\x00\x00\x00\x00\x00\x00\x00\x00\x00\x00\x00')","('blink_tick_ms', 0)","('blink_payload_ID', 0)","('temple_temp', 0)","('temple_therm', 0)","('temple_tick_ms', 0)","('nose_temp', 0)","('nose_therm', 0)","('nose_tick_ms', 0)","('parsed_sec_tick_ms', 0)","('parsed_sec_epoch', 0)","('quatI', 0.0)","('quatJ', 0.0)","('quatK', 0.0)","('quatReal', 0.0)","('quatRadianAccuracy', 0.0)","('rot_tick_ms', 0)","('activityConfidence', b'\x00\x00\x00\x00\x00\x00\x00\x00\x00')","('tick_ms_activity', 0)","('pos_x', 0.0)","('pos_y', 0.0)","('pos_z', 0.0)","('pos_accuracy', 0.0)","('tick_ms_pos', 0)","('pos_epoch', 0)","('tick_ms', 22518)","('epoch', 1581634962)",1581634980.0984092
"('blink_data', b'\x00\x00\x00\x00\x00\x00\x00\x00\x00\x00\x00\x00\x00\x00\x00\x00\x00\x00\x00\x00\x00\x00\x00\x00\x00\x00\x00\x00\x00\x00\x00\x00\x00\x00\x00\x00\x00\x00\x00\x00\x00\x00\x00\x00\x00\x00\x00\x00\x00\x00\x00\x00\x00\x00\x00\x00\x00\x00\x00\x00\x00\x00\x00\x00\x00\x00\x00\x00\x00\x00\x00\x00\x00\x00\x00\x00\x00\x00\x00\x00\x00\x00\x00\x00\x00\x00\x00\x00\x00\x00\x00\x00\x00\x00\x00\x00\x00\x00\x00\x00')","('blink_tick_ms', 0)","('blink_payload_ID', 0)","('temple_temp', 0)","('temple_therm', 0)","('temple_tick_ms', 0)","('nose_temp', 0)","('nose_therm', 0)","('nose_tick_ms', 0)","('parsed_sec_tick_ms', 0)","('parsed_sec_epoch', 0)","('quatI', 0.0)","('quatJ', 0.0)","('quatK', 0.0)","('quatReal', 0.0)","('quatRadianAccuracy', 0.0)","('rot_tick_ms', 0)","('activityConfidence', b'\x00\x00\x00\x00\x00\x00\x00\x00\x00')","('tick_ms_activity', 0)","('pos_x', 0.0)","('pos_y', 0.0)","('pos_z', 0.0)","('pos_accuracy', 0.0)","('tick_ms_pos', 0)","('pos_epoch', 0)","('tick_ms', 22718)","('epoch', 1581634962)",1581634980.292461
"('blink_data', b'\x00\x00\x00\x00\x00\x00\x00\x00\x00\x00\x00\x00\x00\x00\x00\x00\x00\x00\x00\x00\x00\x00\x00\x00\x00\x00\x00\x00\x00\x00\x00\x00\x00\x00\x00\x00\x00\x00\x00\x00\x00\x00\x00\x00\x00\x00\x00\x00\x00\x00\x00\x00\x00\x00\x00\x00\x00\x00\x00\x00\x00\x00\x00\x00\x00\x00\x00\x00\x00\x00\x00\x00\x00\x00\x00\x00\x00\x00\x00\x00\x00\x00\x00\x00\x00\x00\x00\x00\x00\x00\x00\x00\x00\x00\x00\x00\x00\x00\x00\x00')","('blink_tick_ms', 0)","('blink_payload_ID', 0)","('temple_temp', 0)","('temple_therm', 0)","('temple_tick_ms', 0)","('nose_temp', 0)","('nose_therm', 0)","('nose_tick_ms', 0)","('parsed_sec_tick_ms', 0)","('parsed_sec_epoch', 0)","('quatI', 0.0)","('quatJ', 0.0)","('quatK', 0.0)","('quatReal', 0.0)","('quatRadianAccuracy', 0.0)","('rot_tick_ms', 0)","('activityConfidence', b'\x00\x00\x00\x00\x00\x00\x00\x00\x00')","('tick_ms_activity', 0)","('pos_x', 0.0)","('pos_y', 0.0)","('pos_z', 0.0)","('pos_accuracy', 0.0)","('tick_ms_pos', 0)","('pos_epoch', 0)","('tick_ms', 23217)","('epoch', 1581634962)",1581634980.533445
"('blink_data', b'\x00\x00\x00\x00\x00\x00\x00\x00\x00\x00\x00\x00\x00\x00\x00\x00\x00\x00\x00\x00\x00\x00\x00\x00\x00\x00\x00\x00\x00\x00\x00\x00\x00\x00\x00\x00\x00\x00\x00\x00\x00\x00\x00\x00\x00\x00\x00\x00\x00\x00\x00\x00\x00\x00\x00\x00\x00\x00\x00\x00\x00\x00\x00\x00\x00\x00\x00\x00\x00\x00\x00\x00\x00\x00\x00\x00\x00\x00\x00\x00\x00\x00\x00\x00\x00\x00\x00\x00\x00\x00\x00\x00\x00\x00\x00\x00\x00\x00\x00\x00')","('blink_tick_ms', 0)","('blink_payload_ID', 0)","('temple_temp', 0)","('temple_therm', 0)","('temple_tick_ms', 0)","('nose_temp', 0)","('nose_therm', 0)","('nose_tick_ms', 0)","('parsed_sec_tick_ms', 0)","('parsed_sec_epoch', 0)","('quatI', 0.0)","('quatJ', 0.0)","('quatK', 0.0)","('quatReal', 0.0)","('quatRadianAccuracy', 0.0)","('rot_tick_ms', 0)","('activityConfidence', b'\x00\x00\x00\x00\x00\x00\x00\x00\x00')","('tick_ms_activity', 0)","('pos_x', 0.0)","('pos_y', 0.0)","('pos_z', 0.0)","('pos_accuracy', 0.0)","('tick_ms_pos', 0)","('pos_epoch', 0)","('tick_ms', 23317)","('epoch', 1581634962)",1581634980.6704476
"('blink_data', b'\x00\x00\x00\x00\x00\x00\x00\x00\x00\x00\x00\x00\x00\x00\x00\x00\x00\x00\x00\x00\x00\x00\x00\x00\x00\x00\x00\x00\x00\x00\x00\x00\x00\x00\x00\x00\x00\x00\x00\x00\x00\x00\x00\x00\x00\x00\x00\x00\x00\x00\x00\x00\x00\x00\x00\x00\x00\x00\x00\x00\x00\x00\x00\x00\x00\x00\x00\x00\x00\x00\x00\x00\x00\x00\x00\x00\x00\x00\x00\x00\x00\x00\x00\x00\x00\x00\x00\x00\x00\x00\x00\x00\x00\x00\x00\x00\x00\x00\x00\x00')","('blink_tick_ms', 0)","('blink_payload_ID', 0)","('temple_temp', 0)","('temple_therm', 0)","('temple_tick_ms', 0)","('nose_temp', 0)","('nose_therm', 0)","('nose_tick_ms', 0)","('parsed_sec_tick_ms', 0)","('parsed_sec_epoch', 0)","('quatI', 0.0)","('quatJ', 0.0)","('quatK', 0.0)","('quatReal', 0.0)","('quatRadianAccuracy', 0.0)","('rot_tick_ms', 0)","('activityConfidence', b'\x00\x00\x00\x00\x00\x00\x00\x00\x00')","('tick_ms_activity', 0)","('pos_x', 0.0)","('pos_y', 0.0)","('pos_z', 0.0)","('pos_accuracy', 0.0)","('tick_ms_pos', 0)","('pos_epoch', 0)","('tick_ms', 23417)","('epoch', 1581634962)",1581634980.9034145
"('blink_data', b'\x00\x00\x00\x00\x00\x00\x00\x00\x00\x00\x00\x00\x00\x00\x00\x00\x00\x00\x00\x00\x00\x00\x00\x00\x00\x00\x00\x00\x00\x00\x00\x00\x00\x00\x00\x00\x00\x00\x00\x00\x00\x00\x00\x00\x00\x00\x00\x00\x00\x00\x00\x00\x00\x00\x00\x00\x00\x00\x00\x00\x00\x00\x00\x00\x00\x00\x00\x00\x00\x00\x00\x00\x00\x00\x00\x00\x00\x00\x00\x00\x00\x00\x00\x00\x00\x00\x00\x00\x00\x00\x00\x00\x00\x00\x00\x00\x00\x00\x00\x00')","('blink_tick_ms', 0)","('blink_payload_ID', 0)","('temple_temp', 0)","('temple_therm', 0)","('temple_tick_ms', 0)","('nose_temp', 0)","('nose_therm', 0)","('nose_tick_ms', 0)","('parsed_sec_tick_ms', 0)","('parsed_sec_epoch', 0)","('quatI', 0.0)","('quatJ', 0.0)","('quatK', 0.0)","('quatReal', 0.0)","('quatRadianAccuracy', 0.0)","('rot_tick_ms', 0)","('activityConfidence', b'\x00\x00\x00\x00\x00\x00\x00\x00\x00')","('tick_ms_activity', 0)","('pos_x', 0.0)","('pos_y', 0.0)","('pos_z', 0.0)","('pos_accuracy', 0.0)","('tick_ms_pos', 0)","('pos_epoch', 0)","('tick_ms', 23817)","('epoch', 1581634962)",1581634981.111413
"('blink_data', b'\x00\x00\x00\x00\x00\x00\x00\x00\x00\x00\x00\x00\x00\x00\x00\x00\x00\x00\x00\x00\x00\x00\x00\x00\x00\x00\x00\x00\x00\x00\x00\x00\x00\x00\x00\x00\x00\x00\x00\x00\x00\x00\x00\x00\x00\x00\x00\x00\x00\x00\x00\x00\x00\x00\x00\x00\x00\x00\x00\x00\x00\x00\x00\x00\x00\x00\x00\x00\x00\x00\x00\x00\x00\x00\x00\x00\x00\x00\x00\x00\x00\x00\x00\x00\x00\x00\x00\x00\x00\x00\x00\x00\x00\x00\x00\x00\x00\x00\x00\x00')","('blink_tick_ms', 0)","('blink_payload_ID', 0)","('temple_temp', 0)","('temple_therm', 0)","('temple_tick_ms', 0)","('nose_temp', 0)","('nose_therm', 0)","('nose_tick_ms', 0)","('parsed_sec_tick_ms', 0)","('parsed_sec_epoch', 0)","('quatI', 0.0)","('quatJ', 0.0)","('quatK', 0.0)","('quatReal', 0.0)","('quatRadianAccuracy', 0.0)","('rot_tick_ms', 0)","('activityConfidence', b'\x00\x00\x00\x00\x00\x00\x00\x00\x00')","('tick_ms_activity', 0)","('pos_x', 0.0)","('pos_y', 0.0)","('pos_z', 0.0)","('pos_accuracy', 0.0)","('tick_ms_pos', 0)","('pos_epoch', 0)","('tick_ms', 23917)","('epoch', 1581634962)",1581634981.1864069
"('blink_data', b'\x00\x00\x00\x00\x00\x00\x00\x00\x00\x00\x00\x00\x00\x00\x00\x00\x00\x00\x00\x00\x00\x00\x00\x00\x00\x00\x00\x00\x00\x00\x00\x00\x00\x00\x00\x00\x00\x00\x00\x00\x00\x00\x00\x00\x00\x00\x00\x00\x00\x00\x00\x00\x00\x00\x00\x00\x00\x00\x00\x00\x00\x00\x00\x00\x00\x00\x00\x00\x00\x00\x00\x00\x00\x00\x00\x00\x00\x00\x00\x00\x00\x00\x00\x00\x00\x00\x00\x00\x00\x00\x00\x00\x00\x00\x00\x00\x00\x00\x00\x00')","('blink_tick_ms', 0)","('blink_payload_ID', 0)","('temple_temp', 0)","('temple_therm', 0)","('temple_tick_ms', 0)","('nose_temp', 0)","('nose_therm', 0)","('nose_tick_ms', 0)","('parsed_sec_tick_ms', 0)","('parsed_sec_epoch', 0)","('quatI', 0.0)","('quatJ', 0.0)","('quatK', 0.0)","('quatReal', 0.0)","('quatRadianAccuracy', 0.0)","('rot_tick_ms', 0)","('activityConfidence', b'\x00\x00\x00\x00\x00\x00\x00\x00\x00')","('tick_ms_activity', 0)","('pos_x', 0.0)","('pos_y', 0.0)","('pos_z', 0.0)","('pos_accuracy', 0.0)","('tick_ms_pos', 0)","('pos_epoch', 0)","('tick_ms', 24217)","('epoch', 1581634962)",1581634981.4574068
"('blink_data', b'\x00\x00\x00\x00\x00\x00\x00\x00\x00\x00\x00\x00\x00\x00\x00\x00\x00\x00\x00\x00\x00\x00\x00\x00\x00\x00\x00\x00\x00\x00\x00\x00\x00\x00\x00\x00\x00\x00\x00\x00\x00\x00\x00\x00\x00\x00\x00\x00\x00\x00\x00\x00\x00\x00\x00\x00\x00\x00\x00\x00\x00\x00\x00\x00\x00\x00\x00\x00\x00\x00\x00\x00\x00\x00\x00\x00\x00\x00\x00\x00\x00\x00\x00\x00\x00\x00\x00\x00\x00\x00\x00\x00\x00\x00\x00\x00\x00\x00\x00\x00')","('blink_tick_ms', 0)","('blink_payload_ID', 0)","('temple_temp', 0)","('temple_therm', 0)","('temple_tick_ms', 0)","('nose_temp', 0)","('nose_therm', 0)","('nose_tick_ms', 0)","('parsed_sec_tick_ms', 0)","('parsed_sec_epoch', 0)","('quatI', 0.0)","('quatJ', 0.0)","('quatK', 0.0)","('quatReal', 0.0)","('quatRadianAccuracy', 0.0)","('rot_tick_ms', 0)","('activityConfidence', b'\x00\x00\x00\x00\x00\x00\x00\x00\x00')","('tick_ms_activity', 0)","('pos_x', 0.0)","('pos_y', 0.0)","('pos_z', 0.0)","('pos_accuracy', 0.0)","('tick_ms_pos', 0)","('pos_epoch', 0)","('tick_ms', 24317)","('epoch', 1581634962)",1581634981.6604087
"('blink_data', b'\x00\x00\x00\x00\x00\x00\x00\x00\x00\x00\x00\x00\x00\x00\x00\x00\x00\x00\x00\x00\x00\x00\x00\x00\x00\x00\x00\x00\x00\x00\x00\x00\x00\x00\x00\x00\x00\x00\x00\x00\x00\x00\x00\x00\x00\x00\x00\x00\x00\x00\x00\x00\x00\x00\x00\x00\x00\x00\x00\x00\x00\x00\x00\x00\x00\x00\x00\x00\x00\x00\x00\x00\x00\x00\x00\x00\x00\x00\x00\x00\x00\x00\x00\x00\x00\x00\x00\x00\x00\x00\x00\x00\x00\x00\x00\x00\x00\x00\x00\x00')","('blink_tick_ms', 0)","('blink_payload_ID', 0)","('temple_temp', 0)","('temple_therm', 0)","('temple_tick_ms', 0)","('nose_temp', 0)","('nose_therm', 0)","('nose_tick_ms', 0)","('parsed_sec_tick_ms', 0)","('parsed_sec_epoch', 0)","('quatI', 0.0)","('quatJ', 0.0)","('quatK', 0.0)","('quatReal', 0.0)","('quatRadianAccuracy', 0.0)","('rot_tick_ms', 0)","('activityConfidence', b'\x00\x00\x00\x00\x00\x00\x00\x00\x00')","('tick_ms_activity', 0)","('pos_x', 0.0)","('pos_y', 0.0)","('pos_z', 0.0)","('pos_accuracy', 0.0)","('tick_ms_pos', 0)","('pos_epoch', 0)","('tick_ms', 24517)","('epoch', 1581634962)",1581634981.8298314
"('blink_data', b'\x00\x00\x00\x00\x00\x00\x00\x00\x00\x00\x00\x00\x00\x00\x00\x00\x00\x00\x00\x00\x00\x00\x00\x00\x00\x00\x00\x00\x00\x00\x00\x00\x00\x00\x00\x00\x00\x00\x00\x00\x00\x00\x00\x00\x00\x00\x00\x00\x00\x00\x00\x00\x00\x00\x00\x00\x00\x00\x00\x00\x00\x00\x00\x00\x00\x00\x00\x00\x00\x00\x00\x00\x00\x00\x00\x00\x00\x00\x00\x00\x00\x00\x00\x00\x00\x00\x00\x00\x00\x00\x00\x00\x00\x00\x00\x00\x00\x00\x00\x00')","('blink_tick_ms', 0)","('blink_payload_ID', 0)","('temple_temp', 0)","('temple_therm', 0)","('temple_tick_ms', 0)","('nose_temp', 0)","('nose_therm', 0)","('nose_tick_ms', 0)","('parsed_sec_tick_ms', 0)","('parsed_sec_epoch', 0)","('quatI', 0.0)","('quatJ', 0.0)","('quatK', 0.0)","('quatReal', 0.0)","('quatRadianAccuracy', 0.0)","('rot_tick_ms', 0)","('activityConfidence', b'\x00\x00\x00\x00\x00\x00\x00\x00\x00')","('tick_ms_activity', 0)","('pos_x', 0.0)","('pos_y', 0.0)","('pos_z', 0.0)","('pos_accuracy', 0.0)","('tick_ms_pos', 0)","('pos_epoch', 0)","('tick_ms', 24617)","('epoch', 1581634962)",1581634981.913831
"('blink_data', b'\x00\x00\x00\x00\x00\x00\x00\x00\x00\x00\x00\x00\x00\x00\x00\x00\x00\x00\x00\x00\x00\x00\x00\x00\x00\x00\x00\x00\x00\x00\x00\x00\x00\x00\x00\x00\x00\x00\x00\x00\x00\x00\x00\x00\x00\x00\x00\x00\x00\x00\x00\x00\x00\x00\x00\x00\x00\x00\x00\x00\x00\x00\x00\x00\x00\x00\x00\x00\x00\x00\x00\x00\x00\x00\x00\x00\x00\x00\x00\x00\x00\x00\x00\x00\x00\x00\x00\x00\x00\x00\x00\x00\x00\x00\x00\x00\x00\x00\x00\x00')","('blink_tick_ms', 0)","('blink_payload_ID', 0)","('temple_temp', 0)","('temple_therm', 0)","('temple_tick_ms', 0)","('nose_temp', 0)","('nose_therm', 0)","('nose_tick_ms', 0)","('parsed_sec_tick_ms', 0)","('parsed_sec_epoch', 0)","('quatI', 0.0)","('quatJ', 0.0)","('quatK', 0.0)","('quatReal', 0.0)","('quatRadianAccuracy', 0.0)","('rot_tick_ms', 0)","('activityConfidence', b'\x00\x00\x00\x00\x00\x00\x00\x00\x00')","('tick_ms_activity', 0)","('pos_x', 0.0)","('pos_y', 0.0)","('pos_z', 0.0)","('pos_accuracy', 0.0)","('tick_ms_pos', 0)","('pos_epoch', 0)","('tick_ms', 25016)","('epoch', 1581634962)",1581634982.1958292
"('blink_data', b'\x00\x00\x00\x00\x00\x00\x00\x00\x00\x00\x00\x00\x00\x00\x00\x00\x00\x00\x00\x00\x00\x00\x00\x00\x00\x00\x00\x00\x00\x00\x00\x00\x00\x00\x00\x00\x00\x00\x00\x00\x00\x00\x00\x00\x00\x00\x00\x00\x00\x00\x00\x00\x00\x00\x00\x00\x00\x00\x00\x00\x00\x00\x00\x00\x00\x00\x00\x00\x00\x00\x00\x00\x00\x00\x00\x00\x00\x00\x00\x00\x00\x00\x00\x00\x00\x00\x00\x00\x00\x00\x00\x00\x00\x00\x00\x00\x00\x00\x00\x00')","('blink_tick_ms', 0)","('blink_payload_ID', 0)","('temple_temp', 0)","('temple_therm', 0)","('temple_tick_ms', 0)","('nose_temp', 0)","('nose_therm', 0)","('nose_tick_ms', 0)","('parsed_sec_tick_ms', 0)","('parsed_sec_epoch', 0)","('quatI', 0.0)","('quatJ', 0.0)","('quatK', 0.0)","('quatReal', 0.0)","('quatRadianAccuracy', 0.0)","('rot_tick_ms', 0)","('activityConfidence', b'\x00\x00\x00\x00\x00\x00\x00\x00\x00')","('tick_ms_activity', 0)","('pos_x', 0.0)","('pos_y', 0.0)","('pos_z', 0.0)","('pos_accuracy', 0.0)","('tick_ms_pos', 0)","('pos_epoch', 0)","('tick_ms', 25216)","('epoch', 1581634962)",1581634982.426834
"('blink_data', b'\x00\x00\x00\x00\x00\x00\x00\x00\x00\x00\x00\x00\x00\x00\x00\x00\x00\x00\x00\x00\x00\x00\x00\x00\x00\x00\x00\x00\x00\x00\x00\x00\x00\x00\x00\x00\x00\x00\x00\x00\x00\x00\x00\x00\x00\x00\x00\x00\x00\x00\x00\x00\x00\x00\x00\x00\x00\x00\x00\x00\x00\x00\x00\x00\x00\x00\x00\x00\x00\x00\x00\x00\x00\x00\x00\x00\x00\x00\x00\x00\x00\x00\x00\x00\x00\x00\x00\x00\x00\x00\x00\x00\x00\x00\x00\x00\x00\x00\x00\x00')","('blink_tick_ms', 0)","('blink_payload_ID', 0)","('temple_temp', 0)","('temple_therm', 0)","('temple_tick_ms', 0)","('nose_temp', 0)","('nose_therm', 0)","('nose_tick_ms', 0)","('parsed_sec_tick_ms', 0)","('parsed_sec_epoch', 0)","('quatI', 0.0)","('quatJ', 0.0)","('quatK', 0.0)","('quatReal', 0.0)","('quatRadianAccuracy', 0.0)","('rot_tick_ms', 0)","('activityConfidence', b'\x00\x00\x00\x00\x00\x00\x00\x00\x00')","('tick_ms_activity', 0)","('pos_x', 0.0)","('pos_y', 0.0)","('pos_z', 0.0)","('pos_accuracy', 0.0)","('tick_ms_pos', 0)","('pos_epoch', 0)","('tick_ms', 25316)","('epoch', 1581634962)",1581634982.589876
"('blink_data', b'\x00\x00\x00\x00\x00\x00\x00\x00\x00\x00\x00\x00\x00\x00\x00\x00\x00\x00\x00\x00\x00\x00\x00\x00\x00\x00\x00\x00\x00\x00\x00\x00\x00\x00\x00\x00\x00\x00\x00\x00\x00\x00\x00\x00\x00\x00\x00\x00\x00\x00\x00\x00\x00\x00\x00\x00\x00\x00\x00\x00\x00\x00\x00\x00\x00\x00\x00\x00\x00\x00\x00\x00\x00\x00\x00\x00\x00\x00\x00\x00\x00\x00\x00\x00\x00\x00\x00\x00\x00\x00\x00\x00\x00\x00\x00\x00\x00\x00\x00\x00')","('blink_tick_ms', 0)","('blink_payload_ID', 0)","('temple_temp', 0)","('temple_therm', 0)","('temple_tick_ms', 0)","('nose_temp', 0)","('nose_therm', 0)","('nose_tick_ms', 0)","('parsed_sec_tick_ms', 0)","('parsed_sec_epoch', 0)","('quatI', 0.0)","('quatJ', 0.0)","('quatK', 0.0)","('quatReal', 0.0)","('quatRadianAccuracy', 0.0)","('rot_tick_ms', 0)","('activityConfidence', b'\x00\x00\x00\x00\x00\x00\x00\x00\x00')","('tick_ms_activity', 0)","('pos_x', 0.0)","('pos_y', 0.0)","('pos_z', 0.0)","('pos_accuracy', 0.0)","('tick_ms_pos', 0)","('pos_epoch', 0)","('tick_ms', 25616)","('epoch', 1581634962)",1581634982.8154368
"('blink_data', b'\x00\x00\x00\x00\x00\x00\x00\x00\x00\x00\x00\x00\x00\x00\x00\x00\x00\x00\x00\x00\x00\x00\x00\x00\x00\x00\x00\x00\x00\x00\x00\x00\x00\x00\x00\x00\x00\x00\x00\x00\x00\x00\x00\x00\x00\x00\x00\x00\x00\x00\x00\x00\x00\x00\x00\x00\x00\x00\x00\x00\x00\x00\x00\x00\x00\x00\x00\x00\x00\x00\x00\x00\x00\x00\x00\x00\x00\x00\x00\x00\x00\x00\x00\x00\x00\x00\x00\x00\x00\x00\x00\x00\x00\x00\x00\x00\x00\x00\x00\x00')","('blink_tick_ms', 0)","('blink_payload_ID', 0)","('temple_temp', 0)","('temple_therm', 0)","('temple_tick_ms', 0)","('nose_temp', 0)","('nose_therm', 0)","('nose_tick_ms', 0)","('parsed_sec_tick_ms', 0)","('parsed_sec_epoch', 0)","('quatI', 0.0)","('quatJ', 0.0)","('quatK', 0.0)","('quatReal', 0.0)","('quatRadianAccuracy', 0.0)","('rot_tick_ms', 0)","('activityConfidence', b'\x00\x00\x00\x00\x00\x00\x00\x00\x00')","('tick_ms_activity', 0)","('pos_x', 0.0)","('pos_y', 0.0)","('pos_z', 0.0)","('pos_accuracy', 0.0)","('tick_ms_pos', 0)","('pos_epoch', 0)","('tick_ms', 25716)","('epoch', 1581634962)",1581634982.9324713
"('blink_data', b'\x00\x00\x00\x00\x00\x00\x00\x00\x00\x00\x00\x00\x00\x00\x00\x00\x00\x00\x00\x00\x00\x00\x00\x00\x00\x00\x00\x00\x00\x00\x00\x00\x00\x00\x00\x00\x00\x00\x00\x00\x00\x00\x00\x00\x00\x00\x00\x00\x00\x00\x00\x00\x00\x00\x00\x00\x00\x00\x00\x00\x00\x00\x00\x00\x00\x00\x00\x00\x00\x00\x00\x00\x00\x00\x00\x00\x00\x00\x00\x00\x00\x00\x00\x00\x00\x00\x00\x00\x00\x00\x00\x00\x00\x00\x00\x00\x00\x00\x00\x00')","('blink_tick_ms', 0)","('blink_payload_ID', 0)","('temple_temp', 0)","('temple_therm', 0)","('temple_tick_ms', 0)","('nose_temp', 0)","('nose_therm', 0)","('nose_tick_ms', 0)","('parsed_sec_tick_ms', 0)","('parsed_sec_epoch', 0)","('quatI', 0.0)","('quatJ', 0.0)","('quatK', 0.0)","('quatReal', 0.0)","('quatRadianAccuracy', 0.0)","('rot_tick_ms', 0)","('activityConfidence', b'\x00\x00\x00\x00\x00\x00\x00\x00\x00')","('tick_ms_activity', 0)","('pos_x', 0.0)","('pos_y', 0.0)","('pos_z', 0.0)","('pos_accuracy', 0.0)","('tick_ms_pos', 0)","('pos_epoch', 0)","('tick_ms', 25915)","('epoch', 1581634962)",1581634983.1574185
"('blink_data', b'\x00\x00\x00\x00\x00\x00\x00\x00\x00\x00\x00\x00\x00\x00\x00\x00\x00\x00\x00\x00\x00\x00\x00\x00\x00\x00\x00\x00\x00\x00\x00\x00\x00\x00\x00\x00\x00\x00\x00\x00\x00\x00\x00\x00\x00\x00\x00\x00\x00\x00\x00\x00\x00\x00\x00\x00\x00\x00\x00\x00\x00\x00\x00\x00\x00\x00\x00\x00\x00\x00\x00\x00\x00\x00\x00\x00\x00\x00\x00\x00\x00\x00\x00\x00\x00\x00\x00\x00\x00\x00\x00\x00\x00\x00\x00\x00\x00\x00\x00\x00')","('blink_tick_ms', 0)","('blink_payload_ID', 0)","('temple_temp', 0)","('temple_therm', 0)","('temple_tick_ms', 0)","('nose_temp', 0)","('nose_therm', 0)","('nose_tick_ms', 0)","('parsed_sec_tick_ms', 0)","('parsed_sec_epoch', 0)","('quatI', 0.0)","('quatJ', 0.0)","('quatK', 0.0)","('quatReal', 0.0)","('quatRadianAccuracy', 0.0)","('rot_tick_ms', 0)","('activityConfidence', b'\x00\x00\x00\x00\x00\x00\x00\x00\x00')","('tick_ms_activity', 0)","('pos_x', 0.0)","('pos_y', 0.0)","('pos_z', 0.0)","('pos_accuracy', 0.0)","('tick_ms_pos', 0)","('pos_epoch', 0)","('tick_ms', 26314)","('epoch', 1581634962)",1581634983.4594443
"('blink_data', b'\x00\x00\x00\x00\x00\x00\x00\x00\x00\x00\x00\x00\x00\x00\x00\x00\x00\x00\x00\x00\x00\x00\x00\x00\x00\x00\x00\x00\x00\x00\x00\x00\x00\x00\x00\x00\x00\x00\x00\x00\x00\x00\x00\x00\x00\x00\x00\x00\x00\x00\x00\x00\x00\x00\x00\x00\x00\x00\x00\x00\x00\x00\x00\x00\x00\x00\x00\x00\x00\x00\x00\x00\x00\x00\x00\x00\x00\x00\x00\x00\x00\x00\x00\x00\x00\x00\x00\x00\x00\x00\x00\x00\x00\x00\x00\x00\x00\x00\x00\x00')","('blink_tick_ms', 0)","('blink_payload_ID', 0)","('temple_temp', 0)","('temple_therm', 0)","('temple_tick_ms', 0)","('nose_temp', 0)","('nose_therm', 0)","('nose_tick_ms', 0)","('parsed_sec_tick_ms', 0)","('parsed_sec_epoch', 0)","('quatI', 0.0)","('quatJ', 0.0)","('quatK', 0.0)","('quatReal', 0.0)","('quatRadianAccuracy', 0.0)","('rot_tick_ms', 0)","('activityConfidence', b'\x00\x00\x00\x00\x00\x00\x00\x00\x00')","('tick_ms_activity', 0)","('pos_x', 0.0)","('pos_y', 0.0)","('pos_z', 0.0)","('pos_accuracy', 0.0)","('tick_ms_pos', 0)","('pos_epoch', 0)","('tick_ms', 26414)","('epoch', 1581634962)",1581634983.672467
"('blink_data', b'\x00\x00\x00\x00\x00\x00\x00\x00\x00\x00\x00\x00\x00\x00\x00\x00\x00\x00\x00\x00\x00\x00\x00\x00\x00\x00\x00\x00\x00\x00\x00\x00\x00\x00\x00\x00\x00\x00\x00\x00\x00\x00\x00\x00\x00\x00\x00\x00\x00\x00\x00\x00\x00\x00\x00\x00\x00\x00\x00\x00\x00\x00\x00\x00\x00\x00\x00\x00\x00\x00\x00\x00\x00\x00\x00\x00\x00\x00\x00\x00\x00\x00\x00\x00\x00\x00\x00\x00\x00\x00\x00\x00\x00\x00\x00\x00\x00\x00\x00\x00')","('blink_tick_ms', 0)","('blink_payload_ID', 0)","('temple_temp', 0)","('temple_therm', 0)","('temple_tick_ms', 0)","('nose_temp', 0)","('nose_therm', 0)","('nose_tick_ms', 0)","('parsed_sec_tick_ms', 0)","('parsed_sec_epoch', 0)","('quatI', 0.0)","('quatJ', 0.0)","('quatK', 0.0)","('quatReal', 0.0)","('quatRadianAccuracy', 0.0)","('rot_tick_ms', 0)","('activityConfidence', b'\x00\x00\x00\x00\x00\x00\x00\x00\x00')","('tick_ms_activity', 0)","('pos_x', 0.0)","('pos_y', 0.0)","('pos_z', 0.0)","('pos_accuracy', 0.0)","('tick_ms_pos', 0)","('pos_epoch', 0)","('tick_ms', 26514)","('epoch', 1581634962)",1581634983.8454642
"('blink_data', b'\x00\x00\x00\x00\x00\x00\x00\x00\x00\x00\x00\x00\x00\x00\x00\x00\x00\x00\x00\x00\x00\x00\x00\x00\x00\x00\x00\x00\x00\x00\x00\x00\x00\x00\x00\x00\x00\x00\x00\x00\x00\x00\x00\x00\x00\x00\x00\x00\x00\x00\x00\x00\x00\x00\x00\x00\x00\x00\x00\x00\x00\x00\x00\x00\x00\x00\x00\x00\x00\x00\x00\x00\x00\x00\x00\x00\x00\x00\x00\x00\x00\x00\x00\x00\x00\x00\x00\x00\x00\x00\x00\x00\x00\x00\x00\x00\x00\x00\x00\x00')","('blink_tick_ms', 0)","('blink_payload_ID', 0)","('temple_temp', 0)","('temple_therm', 0)","('temple_tick_ms', 0)","('nose_temp', 0)","('nose_therm', 0)","('nose_tick_ms', 0)","('parsed_sec_tick_ms', 0)","('parsed_sec_epoch', 0)","('quatI', 0.0)","('quatJ', 0.0)","('quatK', 0.0)","('quatReal', 0.0)","('quatRadianAccuracy', 0.0)","('rot_tick_ms', 0)","('activityConfidence', b'\x00\x00\x00\x00\x00\x00\x00\x00\x00')","('tick_ms_activity', 0)","('pos_x', 0.0)","('pos_y', 0.0)","('pos_z', 0.0)","('pos_accuracy', 0.0)","('tick_ms_pos', 0)","('pos_epoch', 0)","('tick_ms', 26614)","('epoch', 1581634962)",1581634984.0024242
"('blink_data', b'\x00\x00\x00\x00\x00\x00\x00\x00\x00\x00\x00\x00\x00\x00\x00\x00\x00\x00\x00\x00\x00\x00\x00\x00\x00\x00\x00\x00\x00\x00\x00\x00\x00\x00\x00\x00\x00\x00\x00\x00\x00\x00\x00\x00\x00\x00\x00\x00\x00\x00\x00\x00\x00\x00\x00\x00\x00\x00\x00\x00\x00\x00\x00\x00\x00\x00\x00\x00\x00\x00\x00\x00\x00\x00\x00\x00\x00\x00\x00\x00\x00\x00\x00\x00\x00\x00\x00\x00\x00\x00\x00\x00\x00\x00\x00\x00\x00\x00\x00\x00')","('blink_tick_ms', 0)","('blink_payload_ID', 0)","('temple_temp', 0)","('temple_therm', 0)","('temple_tick_ms', 0)","('nose_temp', 0)","('nose_therm', 0)","('nose_tick_ms', 0)","('parsed_sec_tick_ms', 0)","('parsed_sec_epoch', 0)","('quatI', 0.0)","('quatJ', 0.0)","('quatK', 0.0)","('quatReal', 0.0)","('quatRadianAccuracy', 0.0)","('rot_tick_ms', 0)","('activityConfidence', b'\x00\x00\x00\x00\x00\x00\x00\x00\x00')","('tick_ms_activity', 0)","('pos_x', 0.0)","('pos_y', 0.0)","('pos_z', 0.0)","('pos_accuracy', 0.0)","('tick_ms_pos', 0)","('pos_epoch', 0)","('tick_ms', 26813)","('epoch', 1581634962)",1581634984.210467
"('blink_data', b'\x00\x00\x00\x00\x00\x00\x00\x00\x00\x00\x00\x00\x00\x00\x00\x00\x00\x00\x00\x00\x00\x00\x00\x00\x00\x00\x00\x00\x00\x00\x00\x00\x00\x00\x00\x00\x00\x00\x00\x00\x00\x00\x00\x00\x00\x00\x00\x00\x00\x00\x00\x00\x00\x00\x00\x00\x00\x00\x00\x00\x00\x00\x00\x00\x00\x00\x00\x00\x00\x00\x00\x00\x00\x00\x00\x00\x00\x00\x00\x00\x00\x00\x00\x00\x00\x00\x00\x00\x00\x00\x00\x00\x00\x00\x00\x00\x00\x00\x00\x00')","('blink_tick_ms', 0)","('blink_payload_ID', 0)","('temple_temp', 0)","('temple_therm', 0)","('temple_tick_ms', 0)","('nose_temp', 0)","('nose_therm', 0)","('nose_tick_ms', 0)","('parsed_sec_tick_ms', 0)","('parsed_sec_epoch', 0)","('quatI', 0.0)","('quatJ', 0.0)","('quatK', 0.0)","('quatReal', 0.0)","('quatRadianAccuracy', 0.0)","('rot_tick_ms', 0)","('activityConfidence', b'\x00\x00\x00\x00\x00\x00\x00\x00\x00')","('tick_ms_activity', 0)","('pos_x', 0.0)","('pos_y', 0.0)","('pos_z', 0.0)","('pos_accuracy', 0.0)","('tick_ms_pos', 0)","('pos_epoch', 0)","('tick_ms', 28812)","('epoch', 1581634962)",1581634985.9584556
"('blink_data', b'\x00\x00\x00\x00\x00\x00\x00\x00\x00\x00\x00\x00\x00\x00\x00\x00\x00\x00\x00\x00\x00\x00\x00\x00\x00\x00\x00\x00\x00\x00\x00\x00\x00\x00\x00\x00\x00\x00\x00\x00\x00\x00\x00\x00\x00\x00\x00\x00\x00\x00\x00\x00\x00\x00\x00\x00\x00\x00\x00\x00\x00\x00\x00\x00\x00\x00\x00\x00\x00\x00\x00\x00\x00\x00\x00\x00\x00\x00\x00\x00\x00\x00\x00\x00\x00\x00\x00\x00\x00\x00\x00\x00\x00\x00\x00\x00\x00\x00\x00\x00')","('blink_tick_ms', 0)","('blink_payload_ID', 0)","('temple_temp', 0)","('temple_therm', 0)","('temple_tick_ms', 0)","('nose_temp', 0)","('nose_therm', 0)","('nose_tick_ms', 0)","('parsed_sec_tick_ms', 0)","('parsed_sec_epoch', 0)","('quatI', 0.0)","('quatJ', 0.0)","('quatK', 0.0)","('quatReal', 0.0)","('quatRadianAccuracy', 0.0)","('rot_tick_ms', 0)","('activityConfidence', b'\x00\x00\x00\x00\x00\x00\x00\x00\x00')","('tick_ms_activity', 0)","('pos_x', 0.0)","('pos_y', 0.0)","('pos_z', 0.0)","('pos_accuracy', 0.0)","('tick_ms_pos', 0)","('pos_epoch', 0)","('tick_ms', 28912)","('epoch', 1581634962)",1581634986.1884713
